book_id,character_id,name,name_variant,
1,1,Louise,Louise,
1,1,Louise,Louisje,
1,1,Louise,Louiseke,
1,2,Vake,Vake,
1,2,Vake,vake,
1,3,Gertrude,Gertrude,
1,3,Gertrude,Trudi,
1,4,Amelia,Amelia,
1,5,Alexander,Alexander,
1,5,Alexander,Alexander Delvaux,
1,5,Alexander,Aleksander,
1,5,Alexander,monsieur Alexander,
1,5,Alexander,Monsieur Alexander,
1,5,Alexander,monsieur Delvaux,
1,5,Alexander,Monsieur Delvaux,
1,6,Sebastiaan,Sebastiaan,
1,6,Sebastiaan,Seb,
1,7,Hannah,Hannah,
1,8,Lizzie,Lizzie,
1,8,Lizzie,Anna Elizabeth,
1,9,Anna Maria,Anna Maria,
1,9,Anna Maria,Maria,
1,10,Lucie,Lucie,
1,10,Lucie,Lucie van Loven,
1,11,Contarini,Contarini,
1,12,Lilianne,Lilianne,
1,12,Lilianne,Lili,
2,1,Eus,Eus,
2,1,Eus,Budamar,
2,1,Eus,Eus Budamar,
2,2,Turis,Turis,
2,3,Kosta,Kosta,
2,4,Mahir,Mahir,
2,5,Selma,Selma,
2,6,Inez,Inez,
2,7,Osman,Osman,
2,8,Theo,Theo,
2,9,Meltem,Meltem,
2,10,Metin,Metin,
2,11,Ömer,Ömer,
2,12,Ata,Ata,
2,13,moeder Eus,Moeder,
2,13,moeder Eus,moeder,
2,14,Daphne,Daphne,
2,15,Haakneus,Haakneus,
2,16,Kareltje,Kareltje,
2,17,Angelo,Angelo,
2,18,Vinny,Vinny,
2,19,Nathan,Nathan,
2,20,Eef,Eef,
2,21,Levine,Levine,
3,1,Arthur,Arthur,
3,1,Arthur,Arturo,
3,1,Arthur,Don Arturo,
3,1,Arthur,don Arturo,
3,2,Carmen,Carmen,
3,2,Carmen,Carmencita,
3,3,Louise,Louise,
3,3,Louise,maman,
3,3,Louise,Maman,
3,4,Doron,Doron,
3,5,Jorge,Jorge,
3,6,Oscar,Oscar,
3,7,Lala,Lala,
3,8,Felizia,Felizia,
3,9,Rocky,Rocky,
4,1,Elgin,Elgin,
4,1,Elgin,Eggy,
4,2,Mary,Mary,
4,2,Mary,juffrouw Nisbet,
4,2,Mary,Juffrouw Nisbet,
4,3,Lusieri,Lusieri,
4,3,Lusieri,Giovanni Battista Lusieri,
4,4,Hunt,Hunt,
4,4,Hunt,Philip,
4,4,Hunt,Philip Hunt,
4,5,William Bruce,William Bruce,
4,6,Nisbet,Nisbet,
4,6,Nisbet,William Nisbet,
4,7,Hamilton,Hamilton,
4,7,Hamilton,William Richard Hamilton,
4,8,Ferguson,Ferguson,
4,8,Ferguson,Robert Ferguson of Raith,
4,8,Ferguson,Robbie,
4,9,Elizabeth,Elizabeth,
4,9,Elizabeth,Elize,
4,10,Harington,Harington,
4,11,George,George,
4,11,George,George Charles Constantijn,
4,12,Emma,Emma,
4,13,Sebastiani,Sebastiani,
5,1,Tello,Tello,
5,2,Laurens,Laurens,
5,3,Otto,Otto,
5,4,Hendrik,Hendrik,
5,5,Sefer,Sefer,
5,6,De Schele,De Schele,
5,7,Opa,Opa,
5,8,Esther,Esther,
5,9,Destina,Destina,
5,10,Sophie,Sophie,
5,11,Theo,Theo,
5,12,Hilda,Hilda,
6,1,Ik,Ik,
6,2,Joy,Joy,
6,3,Hoeka,Hoeka,
6,4,Peter,Peter,
6,4,Peter,Oom Peter,
6,4,Peter,oom Peter,
6,5,Rick,Rick,
6,6,Bia,Bia,
6,7,Opa,Opa,
6,7,Opa,opa,
6,8,Oma,Oma,
6,8,Oma,oma,
6,9,Karel,Karel,
6,10,Thea,Thea,
7,1,Adriaan,Adriaan,
7,1,Adriaan,Adriaan Zegelwaard,
7,1,Adriaan,Zegelwaard,
7,2,Adriaan-Eric,Eric,
7,2,Adriaan-Eric,Eric van Zwingerden,
7,2,Adriaan-Eric,Van Zwingerden,
7,2,Adriaan-Eric,van Zwingerden,
7,3,Anne,Anne,
7,3,Anne,Anne Celeste Patricia,
7,4,Celeste-Claudia,Celeste,
7,4,Celeste-Claudia,Claudia,
7,4,Celeste-Claudia,Claudia Vermeere,
7,5,Ron,Ron,
7,6,Maurizio,Maurizio,
8,1,Kees,Kees,
8,2,Tony,Tony,
8,2,Tony,Tony Crook,
8,2,Tony,Anthony Crook,
8,2,Tony,Thomas Anthony Donald Crook,
8,3,Konstanze,Konstanze,
8,4,De Rus,De Rus,
8,4,De Rus,de Rus,
8,5,Vadim,Vadim,
9,1,Lino,Lino,
9,1,Lino,Nomellini,
9,1,Lino,Lino Nomellini,
9,2,Hein,Hein Dormeel,
9,2,Hein,Dormeel,
9,2,Hein,Dormal,
9,2,Hein,Hein,
9,3,Ik,Ik,
9,4,Inés,Inés,
9,4,Inés,Inés Conde Torres,
9,5,Stella,Stella,
9,5,Stella,Stella Nomellini-Arens,
9,6,Rico,Rico,
9,6,Rico,Rico Nomellini,
9,7,Yasmín,Yasmín,
9,7,Yasmín,Yasmín Benítez Conde,
9,8,Nicolas,Nicolas,
9,9,Laurent,Laurent,
9,9,Laurent,Laurent Foresti,
10,1,Tienkamelen,Tienkamelen,
10,2,Oscar,Oscar,
10,3,Bero,Bero,
10,4,Moeder-overste,Moeder-overste,
10,5,Sobrana,Sobrana,
10,6,Omar,Omar,
10,7,Khongi,Khongi,
10,7,Khongi,Batbold,
10,8,Luis,Luis,
11,1,Moemie,Moemie,
11,1,Moemie,Dara,
11,1,Moemie,Diam,
11,1,Moemie,Benna,
11,1,Moemie,Tante Ben,
11,1,Moemie,tante Ben,
11,2,Beila,Beila,
11,3,Daisy,Daisy,
11,3,Daisy,Daisy Flinker-Vogel,
11,4,Charlotte,Charlotte,
11,4,Charlotte,Charlotte Vogel-Nagel,
11,5,Fons,Fons,
11,5,Fons,Fons Flinker,
11,6,Patrick,Patrick,
11,6,Patrick,Patrick Vogel,
11,7,Alex,Alex,
11,7,Alex,Alex Lieberman,
11,8,Lisa,Lisa,
11,9,Ferry,Ferry,
11,9,Ferry,Ferry Nagel,
11,10,Broos,Broos,
11,11,Lestari,Lestari,
11,12,Yatim,Yatim,
11,13,Paul,Paul,
11,13,Paul,Paul Alexander,
11,14,Toean,Toean,
11,14,Toean,Toean Prins,
11,15,Mamelie,Mamelie,
11,16,Rebecca,Rebecca,
11,16,Rebecca,Bekka,
11,17,Marie,Marie,
11,17,Marie,Maria Bastiaanz-Lieberman,
12,1,Koos,Koos,
12,1,Koos,Koosje,
12,2,Anne,Anne,
12,3,Lotte,Lotte,
12,3,Lotte,Lot,
12,4,Chris,Chris,
12,5,Puck,Puck,
12,6,Frits,Frits,
12,6,Frits,Frits Blom,
12,6,Frits,Samuel Blom,
12,6,Frits,Samuel Nathan,
12,6,Frits,Sal,
12,7,Daan,Daan,
12,7,Daan,Robert,
13,1,Tom,Tom,
13,2,Roberto,Roberto,
13,3,Papa,Papa,
13,3,Papa,papa,
13,4,Nick,Nick,
13,5,Henk Gerards,Henk Gerards,
13,5,Henk Gerards,Dokter Gerards,
13,6,Kofi,Kofi,
13,7,Michael,Michael,
13,8,Justice,Justice,
13,9,Emilio,Emilio,
13,10,Martha,Martha,
13,11,Anna,Anna,
14,1,Posthumus,Posthumus,
14,1,Posthumus,Pieter,
14,1,Posthumus,Pieter Posthumus,
14,1,Posthumus,PP,
14,2,Alex,Alex,
14,2,Alex,Alex Tomassi,
14,3,Merel,Merel,
14,3,Merel,Merel Dekkers,
14,3,Merel,Meertje,
14,3,Merel,Dekkers,
14,4,Onno,Onno,
14,4,Onno,Onno Veldhuizen,
14,5,Maya,Maya,
14,5,Maya,Maya Wesseling,
14,6,Rachid,Rachid,
14,6,Rachid,Rachid el Massoui,
14,7,Ben,Ben,
14,7,Ben,Ben Bos,
14,8,Najib,Najib,
14,8,Najib,Najib Tahiri,
14,9,Karima,Karima,
14,10,Alami,Alami,
14,10,Alami,Tarik Alami,
14,11,Lisette,Lisette,
14,11,Lisette,Lisette Lammers,
14,12,Mohammed,Mohammed,
14,12,Mohammed,Mohammed Tahiri,
14,12,Mohammed,Mohammed 'Abu Najib',
14,13,Anna,Anna,
14,13,Anna,Anna de Vries,
14,14,Bart,Bart,
14,14,Bart,Bart Hooft,
14,15,Aissa,Aissa,
14,15,Aissa,Aissa Taheri,
14,16,Cornelius,Cornelius,
14,16,Cornelius,Cornelius Berendrecht,
14,17,Willem,Willem,
14,17,Willem,Willem Posthumus,
14,18,Sulung,Sulung,
14,19,Haddad,Haddad,
14,19,Haddad,Fayyad Haddad,
14,19,Haddad,Khaled,
15,1,Arthur,Arthur,
15,1,Arthur,Arhur Rauwman,
15,2,Remy,Remy,
15,2,Remy,Remy van Sand,
15,3,Paul,Paul,
15,3,Paul,Paul Martens,
15,4,Josefien,Josefien,
15,5,Zoë,Zoë,
15,6,Estee,Estee,
15,7,Taij,Taij,
15,8,Bleeker,Bleeker,
15,9,Stephanie,Stephanie,
15,10,Fee,Fee,
15,11,Hailie,Hailie,
15,12,Mirjam,Mirjam,
15,13,Manny,Manny,
15,14,Chandir,Chandir,
15,15,Debby,Debby,
15,16,Edward,Edward,
15,17,Paula,Paula,
15,18,Claire,Claire,
15,19,Serge,Serge,
15,20,Richard,Richard,
15,20,Richard,Engel,
15,21,Ellen,Ellen,
15,21,Ellen,Ellen Pronk,
15,21,Ellen,Pronk,
16,1,ik,ik,
16,1,ik,Ik,
16,2,Ernst,Ernst,
16,3,vader,vader,
16,3,vader,Vader,
16,4,moeder,moeder,
16,4,moeder,Moeder,
16,5,Bente,Bente,
16,6,Kaiser,Kaiser,
16,7,Kemal,Kemal,
16,8,Boy,Boy,
16,9,Nigel,Nigel,
16,10,Lizzy,Lizzy,
17,1,Bram,Bram,
17,1,Bram,Bram van der Stok,
17,1,Bram,Van der Stok,
17,1,Bram,van der Stok,
17,2,Leslie,Leslie,
17,3,Harry,Harry,
17,4,Marianne,Marianne,
17,4,Marianne,Marriane de Laar,
17,5,Lisa,Lisa,
17,6,Jolien,Jolien,
17,7,Alex,Alex,
17,8,Wim,Wim,
17,9,Benno,Benno,
18,1,Ik,Ik,
18,1,Ik,ik,
18,2,David,David,
18,3,Bellini,Bellini,
18,4,Rossini,Rossini,
18,5,Romani,Romani,
18,6,Florimo,Florimo,
18,7,Puccini,Puccini,
18,7,Puccini,Giacomo Puccini,
18,8,Verdi,Verdi,
18,8,Verdi,Giuseppe Verdi,
18,8,Verdi,Giuseppe Fortunino Francesco Verdi,
18,8,Verdi,Joseph Fortunin François,
18,9,Elvira,Elvira,
18,10,Toscanini,Toscanini,
18,10,Toscanini,Arturo,
18,10,Toscanini,Arturo Toscanini,
18,11,Callas,Callas,
18,11,Callas,Maria Callas,
18,11,Callas,Maria Kalogeropoulos,
19,1,Pontus,Pontus,
19,1,Pontus,Pontus Engelhardt,
19,2,Job,Job,
19,3,Harm,Harm,
19,3,Harm,Harm Engelhardt,
19,4,Jenny,Jenny,
19,5,Raaf,Raaf,
19,6,Sterre,Sterre,
19,6,Sterre,Sterre Fondant,
20,1,Geeske,Geeske,
20,1,Geeske,Gees,
20,2,Johannes,Johannes,
20,3,Trijntje,Trijntje,
20,4,Geesje,Geesje,
20,5,Gezientje,Gezientje,
20,6,Fenne,Fenne,
20,7,Jochem,Jochem,
20,8,Aleid,Aleid,
20,9,Jakob de Oude,Jakob de Oude,
20,10,Ada,Ada,
20,11,Hattie,Hattie,
20,12,Jorrit,Jorrit,
20,13,Dirk,Dirk,
20,14,Fennetje,Fennetje,
21,1,Wolf,Wolf,
21,2,Broer,Broer,
21,2,Broer,broer,
21,3,Omar,Omar,
21,4,Donkerblauw,Donkerblauw,
21,5,Arnau,Arnau,
21,6,Wood,Wood,
21,7,Cupcake,Cupcake,
21,8,Bowie,Bowie,
21,9,Cleopatra,Cleopatra,
21,10,Sue,Sue,
22,1,Herman,Herman,
22,1,Herman,Herman Brusselmans,
22,2,Phoebe,Phoebe,
22,3,Ökki,Ökki,
22,3,Ökki,Öktozan Rakopè,
22,4,Gerry,Gerry,
22,5,Jasmien,Jasmien,
22,6,Layla,Layla,
22,7,Clara,Clara,
22,7,Clara,Clara Cleymans,
22,8,Elien,Elien,
22,9,Erika,Erika,
22,10,Femke,Femke,
22,11,Helga,Helga,
22,11,Helga,Helga Picqué,
22,12,Tammy,Tammy,
22,13,Julie,Julie,
22,14,Brigitta,Brigitta,
22,14,Brigitta,Brigitta Callens,
22,15,Tina,Tina,
22,15,Tina,Tina Baelaert,
22,15,Tina,Tientje,
23,1,Guggenheimer,Guggenheimer,
23,2,Ellen,Ellen,
23,2,Ellen,Ellen Guggenheimer,
23,3,Debbie,Debbie,
23,4,Jules,Jules,
23,5,Emmeke,Emmeke,
23,6,Ulrich,Ulrich,
23,6,Ulrich,Ulrich Duyvel,
23,7,Madeleine,Madeleine,
23,8,Bernard,Bernard,
23,9,Wils,Wils,
23,10,Saloped,Saloped,
23,11,Gelaude,Gelaude,
23,11,Gelaude,Francis Gelaude,
23,12,Mufti,Mufti,
24,1,Gerrit,Gerrit,
24,2,Lis,Lis,
24,3,Susan,Susan,
24,4,Robbert,Robbert,
24,5,Jules,Jules,
24,6,Peter,Peter,
24,7,Marthe,Marthe,
24,8,Anouk,Anouk,
24,9,Hans,Hans,
24,10,Carlito,Carlito,
24,10,Carlito,Carlito Petito,
24,11,Monika,Monika,
24,12,Jean-Jacques,Jean-Jacques,
24,13,Kang Sungmoo,Kang Sungmoo,
24,14,Delphine,Delphine,
24,15,Mustafa,Mustafa,
24,15,Mustafa,Mustafa Al Khowarizmi,
24,16,Daan,Daan,
24,16,Daan,Daan Deerover,
24,17,Frederik,Frederik,
24,18,Karel,Karel,
24,19,Veerle,Veerle,
24,20,Frank,Frank,
24,21,Ruth,Ruth,
24,21,Ruth,Ruth de Muylder,
24,22,Emile,Emile,
24,22,Emile,Emile Fontainebleau,
25,1,Pjotr,Pjotr,
25,1,Pjotr,Pjottertje,
25,2,Henkie,Henkie,
25,2,Henkie,Negerhenkie,
25,2,Henkie,Henk,
25,3,Marie,Marie,
25,4,Julia,Julia,
25,5,Valeria,Valeria,
25,6,Mientje,Mientje,
26,1,Hilda,Hilda,
26,1,Hilda,Hilda Bongertman,
26,2,Trix,Trix,
26,2,Trix,Trix Terwin,
26,3,John,John,
26,3,John,John Scholte,
26,3,John,Scholte,
26,4,Viruly,Viruly,
26,4,Viruly,Jons Viruly,
26,4,Viruly,Adriaan,
26,4,Viruly,Adriaan Jons Viruly,
26,4,Viruly,Jons,
26,5,Plesman,Plesman,
26,5,Plesman,Albert Plesman,
26,6,Jannet,Jannet,
26,7,Victor,Victor,
26,8,Sonja,Sonja,
26,9,Johann,Johann,
26,9,Johann,Johann Heuser,
27,1,Willem,Willem,
27,1,Willem,William,
27,2,Marleen,Marleen,
27,3,Moeder,Moeder,
27,3,Moeder,moeder,
27,4,Vader,Vader,
27,4,Vader,vader,
27,5,Tim,Tim,
27,6,Michiel,Michiel,
27,7,Emine,Emine,
27,8,Tanja,Tanja,
27,9,Luc,Luc,
27,10,Suiker,Suiker,
28,1,Ik,Ik,
28,1,Ik,ik,
28,2,Seingever,Seingever,
28,2,Seingever,seingever,
28,3,Vader van de Seingever,Vader van de Seingever,
28,3,Vader van de Seingever,vader van de Seingever,
28,4,Vrouw van de Seingever,Vrouw van de Seingever,
28,4,Vrouw van de Seingever,vrouw van de Seingever,
28,5,Dokter,Dokter,
28,5,Dokter,dokter,
28,6,Politieagente,Politieagente,
28,6,Politieagente,politieagente,
29,1,Balsam,Balsam,
29,2,Barna,Barna,
29,3,Mariana,Mariana,
29,4,Edison,Edison,
29,5,Nawal,Nawal,
29,6,Joesef,Joesef,
29,6,Joesef,Meester Joesef,
29,6,Joesef,meester Joesef,
29,7,Atto,Atto,
29,8,Meré,Meré,
29,9,Doglas,Doglas,
29,10,Riem,Riem,
29,11,Adnan,Adnan,
29,12,Soeraia,Soeraia,
29,13,Roza,Roza,
30,1,Fernand,Fernand,
30,2,Albert,Albert,
30,2,Albert,Albertine,
30,3,Madeleine,Madeleine,
30,4,Céleste,Céleste,
30,5,Anaïs,Anaïs,
30,6,Richard,Richard,
30,7,Charles,Charles,
31,1,Marcel,Marcel,
31,1,Marcel,Marcel Meulenberg,
31,2,Gustaaf,Gustaaf,
31,2,Gustaaf,Gustaaf Meulenberg,
31,3,Werner,Werner,
31,3,Werner,Werner Meulenberg,
31,4,moeder,moeder,
31,4,moeder,Moeder,
31,5,Hedwig,Hedwig,
31,6,Rick,Rick,
31,6,Rick,Dokter,
31,6,Rick,dokter,
32,1,Isis,Isis,
32,2,Galya,Galya,
32,3,Boma,Boma,
32,4,Martijn,Martijn,
32,5,Marjon,Marjon,
32,6,Chokri,Chokri,
32,7,Blok,Blok,
32,8,Uncle Poe,Uncle Poe,
32,8,Uncle Poe,Uncle X,
32,8,Uncle Poe,Ewald Perrenoud,
33,1,Martin,Martin,
33,1,Martin,Martin Jansen,
33,2,Esther,Esther,
33,3,Gaby,Gaby,
33,4,Van Veenstra,Van Veenstra,
33,4,Van Veenstra,van Veenstra,
33,5,moeder,moeder,
33,5,moeder,Moeder,
33,6,Kirstin,Kirstin,
33,7,Bakels,Bakels,
33,8,Mats,Mats,
34,1,Hanel,Hanel,
34,1,Hanel,Hanel Dille,
34,1,Hanel,Koech,
34,1,Hanel,Frau K,
34,2,Olga,Olga,
34,3,Harald,Harald,
34,3,Harald,Harald Niemann,
34,3,Harald,Herr N,
34,4,Marcel,Marcel,
34,5,Anthony,Anthony,
34,6,Gisele,Gisele,
34,7,Hugo,Hugo,
34,8,Otto,Otto,
35,1,Johannes,Johannes,
35,1,Johannes,Johannes Beckers,
35,2,Clemens,Clemens,
35,2,Clemens,Clemens Driessen,
35,3,Ella,Ella,
35,4,Vincent,Vincent,
35,5,Pim,Pim,
35,6,Angelena,Angelena,
35,7,Van Summeren,Van Summeren,
35,7,Van Summeren,van Summeren,
35,8,Van der Zee,Ton,
35,8,Van der Zee,Van der Zee,
35,8,Van der Zee,Ton van der Zee,
36,1,Nico,Nico,
36,1,Nico,Nico Dijkshoorn,
36,2,Klaas,Klaas,
36,2,Klaas,Klaassie,
36,2,Klaas,Klaas Dijkshoorn,
36,3,Nel,Nel,
36,3,Nel,Nel Dijkshoorn,
36,4,Orlanda,Orlanda,
36,5,Stefan,Stefan,
36,5,Stefan,Stefan Dijkshoorn,
36,6,Bas,Bas,
36,6,Bas,Bas Dijkshoorn,
36,7,Ger,Ger,
36,7,Ger,Ger Dijkshoorn,
36,8,Elly,Elly,
36,9,Wim,Wim,
36,10,Marlon,Marlon,
36,11,Cor,Cor,
37,1,God,God,
37,2,Jozef,Jozef,
37,3,Jezus,Jezus,
37,4,Bartje,Bartje,
37,5,Mozes,Mozes,
37,6,Jozua,Jozua,
37,7,Ahab,Ahab,
37,8,Mirjam,Mirjam,
37,9,Rachab,Rachab,
37,10,Maria,Maria,
37,11,Gabriël,Gabriël,
37,12,Johannes,Johannes,
37,13,Jogli,Jogli,
37,14,Michaël,Michaël,
38,1,Adriaan,Adriaan,
38,1,Adriaan,Adriaan Wiering,
38,1,Adriaan,Walraven,
38,1,Adriaan,Luc Walraven,
38,1,Adriaan,Lucas Walraven,
38,2,Merel,Merel,
38,3,Mila,Mila,
38,4,Evelien,Evelien,
38,4,Evelien,Evelien Keijzer,
38,5,Jo,Jo,
38,5,Jo,Jo Keijzer,
38,6,Oosterling,Oosterling,
38,7,Sieme,Sieme,
38,7,Sieme,Sieme Veijl,
38,8,Reijer,Reijer,
38,9,Jaap,Jaap,
38,9,Jaap,Jaap Keijzer,
38,10,Frank,Frank Royaards,
38,10,Frank,Royaards,
38,10,Frank,Frank,
38,11,Kuyper,Kuyper,
38,12,Berthe,Berthe,
38,12,Berthe,Berthe Wiering,
38,13,Piechler,Piechler,
39,1,Rick,Rick,
39,1,Rick,Rick Koldewijn,
39,2,Suzanna,Suzanna,
39,2,Suzanna,Suzanna Witten,
39,3,Luuk,Luuk,
39,3,Luuk,Luuk Witten,
39,4,Deborah,Deborah,
39,4,Deborah,Deborah Witten,
39,5,Egbert,Egbert,
39,6,Steven,Steven,
39,6,Steven,Steven Witten,
39,7,Leon ,Leon ,
39,8,Ingrid,Ingrid,
39,9,Marie-Marie,Marie-Marie,
39,10,Andrea,Andrea,AndreaS college' is iets anders
39,11,Emmy,Emmy,
40,1,Sjoerd,Sjoerd,
40,1,Sjoerd,Sjoerd Wijtman,
40,2,Ruurd,Ruurd,
40,2,Ruurd,Ruurd Wijtman,
40,3,Mengsje,Mengsje,
40,3,Mengsje,Mengsje Wijtman,
40,4,Loulou,Loulou,
40,4,Loulou,Loulou van Moorselaar,
40,5,Geurt,Geurt,
40,5,Geurt,Geurt Veldkamp,
40,6,Judith,Judith,
40,7,Van Moorselaar,Van Moorselaar,vader van Loulou van Moorselaar
40,8,Netta,Netta,
40,9,Luttink,Luttink,
40,10,Trijntjemeut,Trijntjemeut,
40,11,Steven-om,Steven-om,
40,11,Steven-om,Steven,
40,12,Arie,Arie,
40,13,Marius,Marius,
41,1,Holly,Holly,
41,1,Holly,Holly Hughes,
41,2,Heather,Heather,
41,2,Heather,Heather Hughes,
41,3,Todi,Todi,
41,3,Todi,Todi Hughes,
41,4,vader,vader,
41,4,vader,Vader,
42,1,Nick,Nick,
42,1,Nick,Nicky,
42,1,Nick,Nicasia,
42,2,Verena,Verena,
42,2,Verena,Ver,
42,3,Harm,Harm,
42,4,Parker,Parker,
42,4,Parker,Ben,
42,4,Parker,Ben Parker,
42,5,Tommy,Tommy,
42,6,Muriel,Muriel,
42,6,Muriel,Meurtje,
42,6,Muriel,Meur,
42,7,Zadok,Zadok,
42,8,Bronx,Bronx,
42,9,Peter,Peter,
42,10,Bestman,Bestman,
42,11,Henry,Henry,
42,11,Henry,Richard,
42,12,Natasha,Natasha,
42,13,Hugo,Hugo,
42,14,Adam,Adam,
42,15,Tilly,Tilly,
43,1,Laura,Laura,
43,1,Laura,Minja,
43,2,Rudolf,Rudolf,
43,3,Eileen,Eileen,
43,4,Klara,Klara,
43,5,Paul,Paul,
43,6,Tijmen,Tijmen,
43,7,Siem,Siem,
43,8,Valerie,Valerie,
43,9,Walter,Walter,
43,10,Ezechiël,Ezechiël,
43,11,Daniëlle,Daniëlle,
43,12,Christien,Christien,
43,13,Kato,Kato,
43,13,Kato,meneer Kato,
44,1,ik,ik,
44,1,ik,Meneer-ongevraagd-advies-punt-nl,
44,1,ik,De-Man-met-het-bevroren-hart,
44,2,Het-Meisje-met-de-mooiste-heupen,Het-Meisje-met-de-mooiste-heupen,
44,2,Het-Meisje-met-de-mooiste-heupen,Het-Meisje-met-de-mooie-heupen-dat-altijd-janken-moest,
44,2,Het-Meisje-met-de-mooiste-heupen,Het-Meisje-dat-altijd-janken-moet,
44,2,Het-Meisje-met-de-mooiste-heupen,Het-Meisje-met-de-mooiste-kont-waar-ook-nog-karakter-in-zit,
44,2,Het-Meisje-met-de-mooiste-heupen,Het-Meisje-met-de-mooiste-kont,
44,2,Het-Meisje-met-de-mooiste-heupen,zustertje in de Orde-van-de-konijntjes-met-de-mooie-kontjes,
44,2,Het-Meisje-met-de-mooiste-heupen,Het-Konijntje-met-de-bloedende-kont,
44,2,Het-Meisje-met-de-mooiste-heupen,Het-Meisje-met-de-mooie-buik,
44,2,Het-Meisje-met-de-mooiste-heupen,Het-Meisje-met-het-dode-kindje-in-haar-buik,
44,3,Oppergod David,Oppergod David,
44,3,Oppergod David,oppergod David,
44,3,Oppergod David,David,
44,4,M'n oude vriend 't dode dichtertje,M'n oude vriend 't dode dichtertje,
44,4,M'n oude vriend 't dode dichtertje,m'n oude vriend 't dode dichtertje,
44,5,moeder,moeder,
44,6,Het Rooibosvrouwtje,Het Rooibosvrouwtje,
44,6,Het Rooibosvrouwtje,het Rooibosvrouwtje,
45,1,Johan,Johan,
45,1,Johan,Johan Fretz,
45,1,Johan,Johannes Daniël Christophorus Fretz,
45,2,Arno,Arno,
45,2,Arno,Arno Hessels,
45,3,Virginia,Virginia,
45,3,Virginia,Virginia Brouwn,
45,4,Jan,Jan,
45,4,Jan,Jan Fretz,
45,5,Willem,Willem,
45,6,Elin,Elin,
45,7,Mila,Mila,
45,7,Mila,Mila Nadine van Assem,
45,8,Jack,Jack,
45,8,Jack,Jack Levi,
45,9,Sophie,Sophie,
45,10,Elsbeth,Elsbeth,
45,10,Elsbeth,Elsbeth Heersma,
45,11,Lena,Lena,
45,11,Lena,Magdalena Jany,
45,12,Rijnders,Rijnders,
45,13,Iliana,Iliana,
46,1,Walter,Walter,
46,1,Walter,Waltertje,
46,1,Walter,Süskind,
46,1,Walter,Walter Süskind,
46,2,Hanna,Hanna,
46,2,Hanna,Hanna Süskind,
46,3,Yvonne,Yvonne,
46,3,Yvonne,Yvonne Süskind,
46,4,Aus der Fünten,Aus der Fünten,
46,4,Aus der Fünten,Ferdinand aus der Fünten,
46,4,Aus der Fünten,Ferdinand,
46,4,Aus der Fünten,Ferdi,
46,5,Fanny,Fanny,
46,6,Roos,Roos,
46,6,Roos,Roosje,
46,7,Simon,Simon,
46,8,Helmut,Helmut,
46,9,Sylvie,Sylvie,
46,10,Lages,Lages,
46,10,Lages,Willi Paul Lages,
46,11,Piet,Piet,
46,11,Piet,Meerburg,
46,11,Piet,Piet Meerburg,
46,12,Sluzker,Sluzker,
46,13,Felix,Felix,
46,13,Felix,Felix Halverstadt,
46,14,Pimentel,Pimentel,
46,15,Gemmeker,Gemmeker,
46,16,Henneicke,Henneicke,
47,1,ik,ik,
47,1,ik,Ik,
47,2,jij,jij,
47,2,jij,Jij,
47,3,Muisje,Muisje,
48,1,Elisabeth,Elisabeth,
48,2,Coco,Coco,
48,3,Hans,Hans,
48,4,Wilbert,Wilbert,
48,5,Miriam,Miriam,
48,6,Martin,Martin,
48,7,Laura,Laura,
48,8,John,John,
48,9,barman,barman,
48,9,barman,Barman,
49,1,Mos,Mos,
49,1,Mos,Mos Lupin,
49,2,Beer,Beer,
49,2,Beer,Beer Lupin,
49,3,Lind,Lind,
49,3,Lind,Lind Lupin,
49,4,Alexander,Alexander,
49,4,Alexander,Alexander Lupin,
49,5,Moesie,Moesie,
49,6,Tata,Tata,
49,7,opa,opa,
49,7,opa,Opa,
49,8,oma,oma,
49,8,oma,Oma,
49,9,Jens,Jens,
49,10,Bernd,Bernd,
49,11,Rommel,Rommel,
49,12,Dick,Dick,
49,13,Hans de Zeeman,Hans de Zeeman,
49,13,Hans de Zeeman,Hans,
49,13,Hans de Zeeman,De Zeeman,
49,13,Hans de Zeeman,de Zeeman,
49,14,Ronnie,Ronnie,
49,15,Job,Job,
50,1,Motke,Motke,
50,1,Motke,Mordechai,
50,1,Motke,Mordechai de Paauw,
50,2,Mizie,Mizie,
50,3,Ezra,Ezra,
50,4,Rivka,Rivka,
50,5,Aron,Aron,
50,6,Levine,Levine,
50,6,Levine,Rafaël,
50,7,Sari,Sari,
50,7,Sari,Dauphine,
50,8,Agnes,Agnes,
50,9,Roosje,Roosje,
50,10,Hanna,Hanna,
50,10,Hanna,Chana,
50,11,Bertha,Bertha,
50,12,Diane,Diane,
50,12,Diane,Diane Drabble,
50,12,Diane,Drabble,
51,1,Adam,Adam,
51,1,Adam,Adam Seconde,
51,2,Eva,Eva,
51,2,Eva,Eva Premiere,
51,3,Ronnie,Ronnie,
51,3,Ronnie,Ronnie Tauber,
51,4,Sandra,Sandra,
51,4,Sandra,Sandra Tauber,
51,5,Anita,Anita,
51,5,Anita,Anita F.,
51,5,Anita,Anita Feller,
52,1,Maas,Maas,
52,1,Maas,Maas Minderman,
52,1,Maas,Emile,
52,1,Maas,Emile Kraeplin,
52,1,Maas,Van der Maas,
52,1,Maas,H.J.M Minderman,
52,2,Bertha,Bertha,
52,2,Bertha,Bertha Bontebal,
52,2,Bertha,Bertha Regtop,
52,3,Abe,Abe,
52,3,Abe,Abe Minderman,
52,4,Rinus,Rinus,
52,4,Rinus,Rinus Minderman,
52,5,Godfried,Godfried,
52,6,Meneer Regtop,Meneer Regtop,
52,6,Meneer Regtop,meneer Regtop,
52,6,Meneer Regtop,Regtop,
52,7,Commerina,Commerina,
52,7,Commerina,Commerina Minderman,
52,8,Joris,Joris,
52,8,Joris,Joris Streefkerk,
52,9,Beer,Beer,
52,9,Beer,Berend,
52,9,Beer,Berend Bontebal,
52,10,Klaaske,Klaaske,
52,11,Ijspeert,Ijspeert,
52,11,Ijspeert,Jan Diederick,
52,12,Streefkerk,Streefkerk,
52,13,Shrimp,Shrimp,
52,13,Shrimp,Bert,
52,14,Te Velde,Te Velde,
52,14,Te Velde,te Velde,
52,14,Te Velde,Ijsbrand,
52,15,John Jack,John Jack,
52,16,Pip,Pip,
52,17,De Vries,De Vries,
52,17,De Vries,de Vries,
52,17,De Vries,Hans de Vries,
52,18,Maurits,Maurits,
52,19,Griet,Griet,
52,20,Dijk,Dijk,
52,21,Violet,Violet,
52,22,Jan,Jan,
53,1,Sam,Sam,
53,1,Sam,Samarenda,
53,1,Sam,Samarenda Ambani,
53,1,Sam,Hond,
53,1,Sam,hond,
53,2,Nina,Nina,
53,2,Nina,Sams vriendin,
53,3,Dave,Dave,
53,3,Dave,Dave Luscombe,
53,4,Hamid Shakir Mahmoud,Hamid Shakir Mahmoud,
53,4,Hamid Shakir Mahmoud,Hamid,
53,5,Aida,Aida,
53,5,Aida,Aida Ambani,
53,6,meneer Ambani,meneer Ambani,
53,6,meneer Ambani,Meneer Ambani,
53,6,meneer Ambani,Sams vader,
53,7,mevrouw Ambani,mevrouw Ambani,
53,7,mevrouw Ambani,Mevrouw Ambani,
53,7,mevrouw Ambani,Sams moeder,
53,8,Bill,Bill,
53,9,Hassan,Hassan,
53,10,Fehmer,Fehmer,
53,10,Fehmer,Max Fehmer,
53,11,Heavy,Heavy,
53,12,Honey,Honey,
53,13,Böckli,Böckli,
53,14,Martina,Martina,
53,15,Liliane,Liliane,
53,16,Lankford,Lankford,
53,16,Lankford,Dan Lankford,
53,17,Brady,Brady,
53,17,Brady,John Brady,
53,18,Rose,Rose,
53,19,Mahmoud al-Mabhouh,Mahmoud al-Mabhouh,
53,20,Khalil,Khalil,
53,21,Ursina,Ursina,
53,21,Ursina,Ursina Geisendorf,
53,21,Ursina,Geisendorf,
54,1,Paul,Paul,
54,1,Paul,Paul Honsaat,
54,2,Teresa,Teresa,
54,2,Teresa,Teresa Honsaat,
54,3,Maanke,Maanke,
54,3,Maanke,Maanke Kerbers,
54,4,Kees,Kees,
54,4,Kees,Kees Honsaat,
54,5,Frank,Frank,
54,6,Lars,Lars,
54,7,Mike,Mike,
54,7,Mike,Mike Honsaat,
54,8,Miranda,Miranda,
54,8,Miranda,Miranda Honsaat,
55,1,Ron van Dijk,Ron van Dijk,
55,1,Ron van Dijk,Van Dijk,
55,1,Ron van Dijk,van Dijk,
55,2,Angelique Hazewinkel,Angelique Hazewinkel,
55,2,Angelique Hazewinkel,Angelique,
55,3,Irene van Dijk,Irene van Dijk,
55,4,Mwambo Otoyo Okomo,Mwambo Otoyo Okomo,
55,4,Mwambo Otoyo Okomo,Mwambo,
55,4,Mwambo Otoyo Okomo,Otoyo Okomo,
55,5,Jolanda,Jolanda,
55,6,Patricia,Patricia,
56,1,Vincent,Vincent,
56,1,Vincent,Vincent van Zandt,
56,2,Lee,Lee,
56,2,Lee,Lee Jones,
56,2,Lee,Clem Rosetto,
56,2,Lee,Clem Jones,
56,3,Stephen,Stephen,
56,3,Stephen,Steve,
56,3,Stephen,Steven Ellis,
56,3,Stephen,meneer Ellis,
56,3,Stephen,Meneer Ellis,
56,4,Joanna,Joanna,
56,4,Joanna,Joanna Ellis,
56,5,Jean,Jean,
56,6,Cole,Cole,
56,6,Cole,Coleman,
56,6,Cole,Charles Coleman,
56,6,Cole,Charly Coleman,
56,7,Rietje,Rietje,
56,8,mevrouw Dettrich,mevrouw Dettrich,
56,8,mevrouw Dettrich,Mevrouw Dettrich,
56,8,mevrouw Dettrich,Betty,
56,9,Cy,Cy,
56,9,Cy,Brookskin,
56,10,Ralph,Ralph,
56,10,Ralph,Ralph Axness,
56,11,Bobby,Bobby,
56,11,Bobby,Bobby Darin,
56,12,Giotta,Giotta,
56,13,Derek,Derek,
56,14,David,David,
56,14,David,David Ahdar,
56,15,meneer Dettrich,meneer Dettrich,
56,15,meneer Dettrich,Meneer Dettrich,
56,15,meneer Dettrich,Chuck Dettrich,
56,15,meneer Dettrich,Dettrich,
57,1,Loina,Loina,
57,1,Loina,Loina Aedema,
57,2,grootvader,grootvader,
57,2,grootvader,Grootvader,
57,3,Samson,Samson,
57,3,Samson,Samson Aedema,
57,4,Fluit,Fluit,
57,5,Konstant,Konstant,
57,6,Dawud,Dawud,
57,6,Dawud,Dawud Aedema,
57,7,Frits,Frits,
57,8,Jet,Jet,
57,8,Jet,Jet Vreesenberg Verleen,
57,8,Jet,Henriette Vreesenberg Verleen,
57,9,Faber,Faber,
57,10,Coco,Coco,
57,11,Melchior,Melchior,
57,12,Fenerik,Fenerik,
57,12,Fenerik,Von Himmeldurch,
57,13,Sonja,Sonja,
57,14,Sita,Sita,
57,15,Krishnamurti,Krishnamurti,
58,1,Daniël,Daniël,
58,2,Xander,Xander,
58,3,Sophie,Sophie,
58,3,Sophie,Susan,
58,4,Felix,Felix,
58,5,Gioia,Gioia,
58,6,Ole,Ole,
58,6,Ole,Ole Hansson,
58,7,Kasper,Kasper,
58,8,Elsje,Elsje,
58,9,Hervé,Hervé,
58,9,Hervé,Raymond van Gastel,
59,1,Titus,Titus,
59,1,Titus,Titus Serfonteyn,
59,2,Pieter,Pieter,
59,2,Pieter,Pieter Kalhorn,
59,3,Roos,Roos,
59,3,Roos,Roos Donckers,
59,3,Roos,Roosje,
59,4,Mona,Mona,
59,5,Yvan,Yvan,
59,5,Yvan,Yvan Kalhorn,
59,6,Nicole,Nicole,
59,7,Edith,Edith,
59,7,Edith,Didi,
59,7,Edith,Didi Ravier,
59,8,Patricia,Patricia,
59,9,Frans,Frans,
59,10,Sven,Sven,
59,11,vader Donckers,vader Donckers,
59,11,vader Donckers,Vader Donckers,
59,12,Jasmien Donckers,Jasmien Donckers,
59,13,moeder Donckers,moeder Donckers,
59,13,moeder Donckers,Moeder Donckers,
59,14,Harry,Harry,
59,15,Gonda,Gonda,
60,1,Boris,Boris,
60,2,Lies,Lies,
60,3,Marie,Marie,
60,4,Sjef,Sjef,
60,5,Wilma,Wilma,
60,6,De barman,De barman,
60,6,De barman,de barman,
60,7,De bakkersvrouw,De bakkersvrouw,
60,7,De bakkersvrouw,de bakkersvrouw,
60,8,Maurice,Maurice,
60,9,Jeroen,Jeroen,
60,10,Jonas,Jonas,
60,11,Chantal,Chantal,
60,12,Verstappen,Verstappen,
60,13,Van de Venne,Van de Venne,
60,13,Van de Venne,van de Venne,
61,1,Bas,Bas,
61,1,Bas,Bas de Bruin,
61,1,Bas,Sebastiaan,
61,1,Bas,Sebastiaan de Bruin,
61,2,Iris,Iris,
61,2,Iris,Iris Oudemans,
61,3,Johan,Johan,
61,3,Johan,Johan van Doesburg,
61,4,Reindert,Reindert,
61,4,Reindert,Reindert Oudemans,
61,5,Ella,Ella,
61,5,Ella,Ella Theisseling,
61,6,Det,Det,
61,6,Det,Det van Vliet,
61,7,Anna,Anna,
61,7,Anna,Anna Aguzanni,
61,8,Wout,Wout,
61,9,Sven,Sven,
61,10,Eline,Eline,
61,11,Medy,Medy,
61,12,Rosa,Rosa,
61,13,Tamar,Tamar,
61,14,Bernt,Bernt,
61,15,Tobias,Tobias,
61,17,Hannah,Hannah,
61,18,Thomas,Thomas,
61,19,Linus,Linus,
61,20,Mariska,Mariska,
61,21,Eva,Eva,
61,22,Sabine,Sabine,
62,1,Isolde,Isolde,
62,1,Isolde,Isolde van Nimwegen,
62,1,Isolde,Isi,
62,1,Isolde,Ies,
62,2,Hanneloor,Hanneloor,
62,2,Hanneloor,Hanneloor van Nimwegen,
62,2,Hanneloor,Loortje,
62,2,Hanneloor,Loor,
62,3,Katja,Katja,
62,3,Katja,Katja van Nimwegen,
62,3,Katja,Kat,
62,4,Wolf,Wolf,
62,4,Wolf,Wolfgang,
62,4,Wolf,Wolfgang Rudorffer,
62,4,Wolf,Rudorffer,
62,5,Max,Max,
62,6,Noud,Noud,
62,6,Noud,Noud van der Loop,
62,7,Cas,Cas,
62,7,Cas,Cas van Oers,
62,8,Puck,Puck,
62,9,Cees,Cees,
62,9,Cees,Cees van Nimwegen,
62,10,Liesbeth,Liesbeth,
62,10,Liesbeth,Liesbeth van Nimwegen,
62,10,Liesbeth,Lies,
62,11,Theo,Theo,
62,12,Kee,Kee,
62,13,Manus,Manus,
63,1,Philip,Philip,
63,1,Philip,Philip Hofman,
63,2,Elisabeth,Elisabeth,
63,2,Elisabeth,Elisabeth de Vries,
63,3,Jacob,Jacob,
63,3,Jacob,Jacob van Wijnbergen tot Heerde,
63,4,Karen,Karen,
63,4,Karen,Karen Ricks,
63,5,Matt,Matt,
63,5,Matt,Matthias,
63,5,Matt,Mattie,
63,5,Matt,Matt de Jager,
63,6,Paulus,Paulus,
63,7,Bart,Bart,
63,8,Sasha,Sasha,
63,9,Daphne,Daphne,
63,10,Hannes,Hannes,
63,11,Eva ,Eva ,
63,12,Job,Job,
63,12,Job,Job de Jong,
63,13,Tom,Tom,
63,13,Tom,Tom Mak,
63,14,Rosanne ,Rosanne ,
63,15,Tessa,Tessa,
63,16,Simon,Simon,
63,17,Peter,Peter,
63,18,Henk,Henk,
63,19,Carel,Carel,
63,20,Kirsten,Kirsten,
63,21,Mark,Mark,
63,22,Justin,Justin,
64,1,Bas,Bas,
64,1,Bas,Van Tongeren,
64,1,Bas,van Tongeren,
64,1,Bas,Bas van Tongeren,
64,1,Bas,Roger,
64,2,Hyo-son,Hyo-son,
64,3,Ji-Su,Ji-Su,
64,4,Kim Hye-jin,Kim Hye-jin,
64,4,Kim Hye-jin,Hye-jin,
64,4,Kim Hye-jin,TenderX,
64,5,Emilie,Emilie,
64,5,Emilie,Emilie de Clippele,
64,6,Mara,Mara,
64,6,Mara,Mara Puype,
64,6,Mara,mevrouw Puype,
64,6,Mara,Mevrouw Puype,
64,7,Ruusbroec,Ruusbroec,
64,8,Andy,Andy,
65,1,Luukas,Luukas,
65,1,Luukas,Luukas Kolibri,
65,2,René,René,
65,2,René,René Demeter,
65,3,Robin,Robin,
65,3,Robin,Robin Boleau,
65,4,Geoffrey,Geoffrey,
65,4,Geoffrey,Geoffrey Raeymakers,
65,5,meneer Dons,meneer Dons,
65,5,meneer Dons,Meneer Dons,
65,6,Alfred,Alfred,
65,6,Alfred,Alfred David,
65,6,Alfred,meneer David,
65,6,Alfred,Meneer David,
66,1,Mehmet,Mehmet,
66,1,Mehmet,Mehmet Uslu,
66,1,Mehmet,Miran,
66,1,Mehmet,Miran Uslu,
66,2,Selim,Selim,
66,2,Selim,Selim Uslu,
66,2,Selim,baba,
66,2,Selim,Baba,
66,3,Asme,Asme,
66,3,Asme,Asme Uslu,
66,4,Yusuf,Yusuf,
66,4,Yusuf,Yusuf Uslu,
66,5,Hemo,Hemo,
66,6,Elida,Elida,
66,7,Zilda,Zilda,
66,8,Ali,Ali,
66,9,Atilla,Atilla,
66,10,Wusar,Wusar,
66,11,de muhtar,de muhtar,
66,11,de muhtar,De muhtar,
66,11,de muhtar,de Muhtar,
66,11,de muhtar,De Muhtar,
66,12,Hakan,Hakan,
66,13,Nandar,Nandar,
66,14,Musey,Musey,
66,15,Bilal,Bilal,
67,1,Weijntje,Weijntje,
67,1,Weijntje,Zonne,
67,1,Weijntje,Zon,
67,2,Sijmen,Sijmen,
67,3,moeder,moeder,
67,3,moeder,Moeder,
67,4,Laura,Laura,
67,5,Isa,Isa,
67,6,juffrouw Verbeet,juffrouw Verbeet,
67,6,juffrouw Verbeet,Juffrouw Verbeet,
67,7,Sander,Sander,
67,8,Lotte,Lotte,
67,8,Lotte,Lot,
68,1,Vincent,Vincent,
68,2,Mia,Mia,
68,3,Chris,Chris,
68,4,Eva,Eva,
68,5,Dirk,Dirk,
68,6,Emile,Emile,
68,6,Emile,professor P,
68,6,Emile,Professortje,
68,7,Herman,Herman,
68,8,Sanne,Sanne,
68,9,Mei-Lin,Mei-Lin,
68,10,Cor,Cor,
68,11,Rinus,Rinus,
68,12,Anke,Anke,
69,1,Eliza,Eliza,
69,2,Twan,Twan,
69,3,Nathalie,Nathalie,
69,4,Jim,Jim,
69,4,Jim,Jim Schrijvers,
69,5,Niels,Niels,
69,6,Ellen,Ellen,
69,7,Levi,Levi,
69,8,Erik,Erik,
69,9,Meg,Meg,
69,9,Meg,Meg Tweinstra,
69,9,Meg,Tweinstra,
69,10,Jan,Jan,
69,11,Froukje,Froukje,
69,11,Froukje,Frouk,
69,12,Arnout,Arnout,
69,13,Juanita,Juanita,
69,13,Juanita,Juanita Kroonenberg,
69,14,Ruby,Ruby,
69,15,Robin,Robin,
69,16,Robert,Robert,
69,16,Robert,Robert Valk,
69,17,Betty,Betty,
69,17,Betty,Betty Stender,
69,18,Bobby,Bobby,
69,18,Bobby,Bobby Stender,
69,18,Bobby,Bob,
69,19,Gabi,Gabi,
69,20,Jozias,Jozias,
69,20,Jozias,Jozias Bentelbrink,
69,21,Bern,Bern,
69,22,Bennie,Bennie,
69,22,Bennie,Bennie Tjalling,
69,23,Jan,Jan,
69,24,Martin,Martin,
69,25,Vlaskamp,Vlaskamp,
69,26,Katja,Katja,
70,1,Abel,Abel,
70,1,Abel,Abel Roorda,
70,1,Abel,Homerus,
70,2,Dina,Dina,
70,2,Dina,Dina Roorda-Houttuyn,
70,3,Lieuwe,Lieuwe,
70,3,Lieuwe,Lieuwe Roorda,
70,4,opa,opa,
70,4,opa,Opa,
70,5,oma,oma,
70,5,oma,Oma,
70,6,Elena,Elena,
70,7,Digna,Digna,
70,8,Gregoor,Gregoor,
70,8,Gregoor,Gregoor Houttuyn,
70,8,Gregoor,Greg,
70,9,Marinus,Marinus,
70,9,Marinus,Marinus Wisse,
70,9,Marinus,Marien,
70,9,Marinus,Timmermans,
70,10,Irma,Irma,
70,10,Irma,Irma Wisse,
70,11,Toni,Toni,
70,11,Toni,Toni Mesu,
70,11,Toni,Mesu,
70,12,Job,Job,
70,12,Job,Job Verstraete,
70,13,Padmos,Padmos,
70,13,Padmos,Arjaan Padmos,
70,14,Dave,Dave,
70,14,Dave,Dave Sinke,
70,15,Antona,Antona,
70,15,Antona,Antona Duvekot,
70,16,Otto,Otto,
70,17,Danker,Danker,
70,17,Danker,Danker Moerman,
70,18,Aleid,Aleid,
70,19,Denise,Denise,
70,20,Watse,Watse,
71,1,Hella,Hella,
71,1,Hella,Hella de Jonge,
71,2,Freek,Freek,
71,2,Freek,Freek de Jonge,
71,3,Eva,Eva,
71,3,Eva,Eva Croiset,
71,4,Eli,Eli,
71,4,Eli,Eli Asser,
71,5,Ro,Ro,
71,5,Ro,Ro Miller,
71,6,Roos,Roos,
71,7,Maggie,Maggie,
71,8,Fred,Fred,
71,9,Vera,Vera,
71,10,Jet,Jet,
71,11,Marie,Marie,
71,12,Wim,Wim,
71,13,Otis,Otis,
71,14,Lia,Lia,
71,15,Hetty,Hetty,
71,16,Jopie,Jopie,
71,17,Jork,Jork,
71,18,Elly,Elly,
72,1,Herman,Herman,
72,1,Herman,Herman Bul,
72,1,Herman,Hermannetje,
72,2,Laila,Laila,
72,2,Laila,Laila Nachtegaal,
72,3,Mohammed,Mohammed,
72,3,Mohammed,Mohammed El Fayed,
72,4,El Hamn,El Hamn,
72,4,El Hamn,Abdel el Hamn,
72,4,El Hamn,Abdel,
72,5,Aisha,Aisha,
72,6,Olga,Olga,
72,6,Olga,Olga van Limburg Stirum,
72,7,Hélène,Hélène,
72,7,Hélène,Hélène Dubois,
72,7,Hélène,Dubois,
72,8,Paultje,Paultje,
72,8,Paultje,Paul,
72,8,Paultje,Paultje Winsemius,
72,8,Paultje,Winsemius,
72,9,Koos,Koos Moes,
72,9,Koos,Moes,
73,1,ik,ik,
73,1,ik,Ik,
73,2,oma,oma,
73,2,oma,Oma,
73,3,vader,vader,
73,3,vader,Vader,
73,4,moeder,moeder,
73,4,moeder,Moeder,
73,5,Charlotte,Charlotte,
73,6,Anna,Anna,
73,7,Esther,Esther,
73,8,Richard,Richard,
73,8,Richard,Richard Haring,
73,9,Van Stipriaan,Van Stipriaan,
73,9,Van Stipriaan,van Stripiaan,
73,10,Pieter,Pieter,
73,10,Pieter,Pieter Boelens,
73,11,Fausto,Fausto,
73,12,Tom,Tom,
73,12,Tom,Tom Nooijen,
73,13,Cindy,Cindy,
73,13,Cindy,Cindy Vrolijk,
73,14,Oscar,Oscar,
73,15,Johnnie,Johnnie,
73,15,Johnnie,Johnnie van den Biggelaar,
73,16,Claudia,Claudia,
74,1,Oscar,Oscar,
74,1,Oscar,Oscar Verschuur,
74,2,Kate,Kate,
74,2,Kate,Kate Verschuur,
74,3,Emma,Emma,
74,3,Emma,Emma Bielenberg-Verschuur,
74,4,Carl,Carl,
74,4,Carl,Carl Bielenberg,
74,5,Matteous,Matteous,
74,6,Morton,Morton,
74,7,Roy,Roy,
74,7,Roy,Roy de Winther,
74,7,Roy,Winther,
74,8,Lara,Lara,
74,8,Lara,Lara van Oosten,
74,9,Smith,Smith,
74,9,Smith,Howard Smith,
75,1,Leah,Leah,
75,1,Leah,Leah Rosenberg,
75,2,Frances,Frances,
75,3,opa,opa,
75,3,opa,Opa,
75,4,oma,oma,
75,4,oma,Oma,
75,5,Jacob,Jacob,
75,6,moeder,moeder,
75,6,moeder,Moeder,
75,7,Markus,Markus,
75,7,Markus,Markus Prins,
75,8,Deborah,Deborah,
75,9,Marjolein,Marjolein,
75,9,Marjolein,Van Doren,
75,9,Marjolein,van Doren,
76,1,Ilse,Ilse,
76,2,Edgar,Edgar,
76,2,Edgar,Edgar Gillot,
76,3,Elisabeth,Elisabeth,
76,4,Karin,Karin,
76,5,Anna,Anna,
76,6,Dave,Dave,
76,7,Jean,Jean,
77,1,Romy,Romy,
77,2,Harro,Harro,
77,3,Irma,Irma,
77,4,moeder,moeder,
77,4,moeder,Moeder,
77,5,Louis,Louis,
77,6,Christian,Christian,
77,7,Blanca,Blanca,
77,8,Otto,Otto,
77,9,Hedwig,Hedwig,
78,1,Durand,Durand,
78,1,Durand,Auguste Durand,
78,1,Durand,Auguste,
78,2,Nora,Nora,
78,3,Malinobre,Malinobre,
78,3,Malinobre,Archambaud,
78,4,André,André,
78,5,Evy,Evy,
78,5,Evy,Evy Scheltema,
78,6,Pelleport,Pelleport,
78,6,Pelleport,Hervé Pelleport,
78,7,Louis,Louis,
78,7,Louis,Louis Durand,
78,8,Sam,Sam,
78,8,Sam,Sam Peltzer,
78,8,Sam,Peltzer,
78,9,Andrea,Andrea,
78,9,Andrea,Andrea Weich,
78,10,Ernst,Ernst,
78,10,Ernst,Ernst Lichtsinn,
78,11,Victor,Victor,
78,11,Victor,Victor Palm,
78,12,Louise,Louise,
78,12,Louise,Louise Durand,
78,13,Goupil,Goupil,
78,13,Goupil,André,
78,13,Goupil,André Goupil,
78,14,Lamotte,Lamotte,
78,15,Moufle,Moufle,
78,15,Moufle,Maxime Moufle,
79,1,Schepper,Schepper,
79,2,Helena,Helena,
79,2,Helena,Helena Crux,
79,3,Victor,Victor,
79,3,Victor,Victor Crux,
79,4,Lydia,Lydia,
79,5,Ralf,Ralf,
79,6,Maarten,Maarten,
79,6,Maarten,Maarten Brinkman,
79,7,Ronald,Ronald,
79,8,Dorothea,Dorothea,
79,9,Marion,Marion,
79,10,Anton,Anton,
79,11,Bernhard,Bernhard,
80,1,Nodieu,Nodieu,
80,1,Nodieu,Zaël Eugène Calixíc,
80,2,Malcolm,Malcolm,
80,2,Malcolm,J.L. Malcolm,
80,3,Orèste,Orèste,
80,4,Hoeksma,Hoeksma,
80,4,Hoeksma,Leontíen,
80,4,Hoeksma,Leontíen Hoeksma,
80,4,Hoeksma,mevrouw Hoeksma,
80,4,Hoeksma,Mevrouw Hoeksma,
80,5,Jesulá,Jesulá,
80,6,Hubèrt,Hubèrt,
80,7,Felicidád,Felicidád,
80,7,Felicidád,Felicidád Debro,
80,8,Lucsón,Lucsón,
80,9,Morís,Morís,
80,10,Fracásse,Fracásse,
80,11,Tibídín,Tibídín,
80,12,Vilná,Vilná,
80,13,Maksáens,Maksáens,
80,14,Ivèns,Ivèns,
80,15,Julebèrt,Julebèrt,
80,16,Lowènski,Lowènski,
80,17,Larieu,Larieu,
81,1,Arend,Arend,
81,2,moeder,moeder,
81,3,Erik,Erik,
81,4,Kurt,Kurt,
81,5,Samuel,Samuel,
81,6,Bob,Bob,
82,1,Gerard,Gerard,
82,1,Gerard,Gerard Koolschijn,
82,1,Gerard,G. Koolschijn,
82,1,Gerard,Geer,
82,1,Gerard,Meneer Koolschijn,
82,1,Gerard,meneer Koolschijn,
82,1,Gerard,Jerasimos,
82,2,Raave,Raave,
82,2,Raave,Jan Roelof,
82,2,Raave,Jan Roelof Raave,
82,3,Jan,Jan,
82,3,Jan,Jan Koolschijn,
82,4,Jettie,Jettie,
82,4,Jettie,Jettie Koolschijn,
82,5,Astrid,Astrid,
82,6,Lamberink,Lamberink,
82,6,Lamberink,Rudolf,
82,6,Lamberink,Rudolf Lamberink,
82,7,Steeltjes,Steeltjes,
82,8,Frits,Frits,
82,8,Frits,Frits Koolschijn,
82,8,Frits,Fritsje,
82,9,Michael,Michael,
82,10,Koen,Koen,
82,11,David,David,
82,12,Eric,Eric,
82,13,Paul,Paul,
82,13,Paul,Paultje,
82,14,Vreugdevolk,Vreugdevolk,
83,1,Laura,Laura,
83,1,Laura,Laura van Gerner,
83,1,Laura,Lau,
83,2,Boudewijn,Boudewijn,
83,2,Boudewijn,Boudewijn Bartels,
83,2,Boudewijn,de jongen,
83,2,Boudewijn,De jongen,
83,2,Boudewijn,de jongeman,
83,2,Boudewijn,De jongeman,
83,3,Esther ,Esther ,
83,3,Esther ,Es,
83,4,Antonie,Antonie,
83,4,Antonie,Antonie van Gerner,
83,5,Alex,Alex,
83,5,Alex,Alex Wesselink,
83,6,Roger,Roger,
83,6,Roger,Roger Vonk,
83,7,Bettie,Bettie,
83,7,Bettie,Bettie Bartels,
83,7,Bettie,Babette,
83,7,Bettie,Babette Bartels,
83,7,Bettie,Babette van den Brink-Bartels,
83,8,Paul,Paul,
83,8,Paul,Kuiper,
83,8,Paul,Paul Kuiper,
83,9,Ad,Ad,
83,9,Ad,Bartels,
83,9,Ad,Ad Bartels,
83,10,Willemijn,Willemijn,
83,11,Janneke,Janneke,
83,12,Clara,Clara,
83,13,Nathalie,Nathalie,
83,14,Marie,Marie,
83,15,Geertruida,Geertruida,
83,16,Steef,Steef,
83,17,Benny,Benny,
83,18,Klaas,Klaas,
83,19,Maaike,Maaike,
84,1,ik,ik,
84,1,ik,Ik,
84,2,Lauretta,Lauretta,
84,3,Mayer,Mayer,
84,4,Paaluk,Paaluk,
84,5,Frances,Frances,
84,6,Neumann,Neumann,
84,7,Luigi,Luigi,
84,8,Pierre,Pierre,
85,1,Ton,Ton,
85,1,Ton,Ton Nachtegaal,
85,2,Piet,Piet,
85,2,Piet,Piet Daalder,
85,2,Piet,Poedel,
85,3,Annie,Annie,
85,3,Annie,Annie Daalder,
85,3,Annie,Pekinees,
85,4,Jan,Jan,
85,4,Jan,Jan Doornakker,
85,4,Jan,Mastino,
85,5,Trees,Trees,
85,5,Trees,Trees Doornakker,
85,5,Trees,Dobermann,
85,6,Maria,Maria,
85,6,Maria,Maria Nachtegaal,
85,7,Wout,Wout,
85,7,Wout,Wout van der Klei,
85,7,Wout,Duitse Herder,
85,8,Ahmed,Ahmed,
85,9,Pen,Pen,
85,9,Pen,Peter-Jan,
85,9,Pen,Peter-Jan Pen,
85,9,Pen,Bloedhond,
85,10,Vos,Vos,
85,10,Vos,Karel,
85,10,Vos,Karel Vos,
85,11,Cota,Cota,
85,12, A ,Joris,
85,12, A ,Black,
85,12, A , A ,
85,13,Kees,Kees,
85,13,Kees,Kees Visscher,
85,13,Kees,Heidewachtel,
85,14,Hero,Hero,
85,14,Hero,Groenendaeler,
85,15,Rik,Rik,
85,15,Rik,Pincher,
85,16,Harriët,Harriët,
85,16,Harriët,Husky,
85,17,Kristl,Kristl,
85,18,De Vries,De Vries,
85,18,De Vries,Mevrouw De Vries,
85,18,De Vries,mevrouw De Vries,
85,18,De Vries,Stabijhoun,
86,1,Catho,Catho,
86,1,Catho,Claire,
86,1,Catho,Catherina Godeliève,
86,2,Berthe,Berthe,
86,3,Tobias,Tobias,
86,3,Tobias,Tobias S. ,
86,4,Gustaphe,Gustaphe,
86,4,Gustaphe,Gustaphe D. ,
86,5,Het meisje met de vlek in haar bovenlip,Het meisje met de vlek in haar bovenlip,
86,5,Het meisje met de vlek in haar bovenlip,een jonge vrouw met een zwarte vlek in de huid van haar bovenlip,
86,5,Het meisje met de vlek in haar bovenlip,het grote meisje met de zwarte vlek in haar bovenlip,
86,5,Het meisje met de vlek in haar bovenlip,Het grote meisje met de vlek in haar bovenlip,
86,5,Het meisje met de vlek in haar bovenlip,het meisje met de zwarte vlek in haar bovenlip,
86,5,Het meisje met de vlek in haar bovenlip,een vrouw met een zwarte vlek in haar bovenlip,
86,6,Gisèle,Gisèle,
86,7,Charles,Charles,
86,7,Charles,Charles-Henri,
86,8,Léon,Léon,
86,9,Marie-Anne,Marie-Anne,
86,10,Jean,Jean,
87,1,Tula,Tula,
87,2,Speransa,Speransa,
87,3,Louis,Louis,
87,4,Quaku,Quaku,
87,5,Jorboe,Jorboe,
87,6,Rosita,Rosita,
87,7,Willem van Uytrecht,Willem van Uytrecht,
87,8,De Veer,De Veer,
87,9,Bastiaan,Bastiaan,
87,10,Pedro,Pedro,
87,11,Lesire,Lesire,
87,11,Lesire,Juffrouw Lesire,
87,11,Lesire,juffrouw Lesire,
87,11,Lesire,Elizabeth,
87,12,Wouter,Wouter,
87,13,Pieter,Pieter,
87,14,Jantji,Jantji,
87,15,Cornelius,Cornelius,
87,15,Cornelius,Peter Cornelius,
87,16,Schinck,Schinck,
87,17,Van Westerholt,Van Westerholt,
87,18,Codjo,Codjo,
87,19,Paolo,Paolo,
88,1,Robbie,Robbie,
88,2,Willy,Willy,
88,3,Ilona,Ilona,
88,4,Mireille,Mireille,
88,4,Mireille,Mijn moeder,
88,4,Mireille,mijn moeder,
88,5,Sylvester,Sylvester,
88,5,Sylvester,Mijn vader,
88,5,Sylvester,mijn vader,
88,6,Germaine,Germaine,
88,6,Germaine,Mijn grootmoeder,
88,6,Germaine,mijn grootmoeder,
88,7,Gudrun,Gudrun,
88,8,Isidoor,Isidoor,
88,9,Pierre,Pierre,
88,10,Liza Le Roux,Liza Le Roux,
88,10,Liza Le Roux,Liza,
88,10,Liza Le Roux,Elise,
88,11,Ninette,Ninette,
88,11,Ninette,Ninette Blomme,
88,12,Fanny,Fanny,
88,13,Regina Hellegeest,Regina Hellegeest,
88,13,Regina Hellegeest,Regina,
88,14,Mariette Vanturenhout,Mariette Vanturenhout,
88,14,Mariette Vanturenhout,Mariette,
88,15,Jeanne Grauwels,Jeanne Grauwels,
88,15,Jeanne Grauwels,Jeanne,
88,16,Eugénie Verstappen,Eugénie Verstappen,
88,16,Eugénie Verstappen,Eugénie,
88,17,Lucrèce,Lucrèce,
88,18,Anna Sas,Anna Sas,
88,18,Anna Sas,Anna,
88,19,Frau Nimsch,Frau Nimsch,
88,20,Irma Grese,Irma Grese,
88,21,Arthur Vedrin,Arthur Vedrin,
88,22,Isabelle,Isabelle,
88,22,Isabelle,Belle,
89,1,Lotte,Lotte,
89,2,Jurriaan,Jurriaan,
89,2,Jurriaan,Jurriaan Houtkoper,
89,2,Jurriaan,Jurriaan Eysinga Houtkoper,
89,2,Jurriaan,Papa Jaan,
89,3,Jettie,Jettie,
89,3,Jettie,Jettie Houtkoper,
89,4,Srey,Srey,
89,4,Srey,Srey Dara,
89,5,Gustav,Gustav,
89,5,Gustav,Gustav Larsen,
89,6,Kiang,Kiang,
89,7,Samai,Samai,
89,8,Nitha,Nitha,
89,9,Hajo,Hajo,
89,10,Chris,Chris,
89,11,Sok,Sok,
90,1,Ted,Ted,
90,1,Ted,Tedje,
90,2,meneer Timmermans,meneer Timmermans,
90,2,meneer Timmermans,Meneer Timmermans,
90,3,moeder,mijn moeder,
90,3,moeder,Mijn moeder,
90,4,Kasper,Kasper,
90,5,Melcher,Melcher,
90,5,Melcher,Jaap Melcher,
90,6,Ronnie,Ronnie,
90,6,Ronnie,Ronnie van Ooyen,
90,7,Gerard,Gerard,
90,7,Gerard,Gerard Asman,
90,8,Van Oss,Van Oss,
90,8,Van Oss,van Oss,
90,8,Van Oss,Bob van Oss,
90,8,Van Oss,Bob,
90,9,Herman,Herman,
91,1,ik,ik,
91,1,ik,Ik,
91,2,Albèrt,Albèrt,
91,3,Ana María Quintero,Ana María Quintero,
91,4,Frans,Frans,
91,5,Ton van Schijndel,Ton van Schijndel,
91,6,Quim,Quim,
91,7,Berden,Berden,
91,7,Berden,Sjeng,
91,7,Berden,Sjeng Berden,
91,8,Pilar,Pilar,
91,9,Benedicta,Benedicta,
91,9,Benedicta,Dolores Sánchez,
91,10,Sofía,Sofía,
92,1,Pek,Pek,
92,2,Broer,Broer,
92,2,Broer,Broerlief,
92,3,Tinus,Tinus,
92,4,Vollemondt,Vollemondt,
92,5,Volcker,Volcker,
92,6,Perrer,Perrer,
92,7,Van Montfoort,Van Montfoort,
92,8,Joana,Joana,
92,9,moeder,moeder,
92,9,moeder,Moeder,
92,10,Van Poppel,Van Poppel,
92,10,Van Poppel,van Poppel,
92,11,Beer,Beer,
92,12,Theo,Theo,
92,12,Theo,Theo Rooyakkers,
93,1,Ignatz,Ignatz,
93,1,Ignatz,Ksaveri Ignatz,
93,2,Franz,Franz,
93,3,Jelena,Jelena,
93,4,Paul,Paul,
93,4,Paul,Paul Pallach,
93,5,Schani,Schani,
93,6,Wolf,Wolf,
93,7,Max Winter ,Max Winter ,
93,8,Elisabeth,Elisabeth,
93,9,Emma Goldman,Emma Goldman,
93,10,Felix,Felix,
93,10,Felix,Felix Nebel,
93,10,Felix,Felixje,
93,11,Leo,Leo,
93,12,Amanda,Amanda,
93,13,Saphir,Saphir,
93,13,Saphir,Moritz Saphir,
93,14,Dragan,Dragan,
94,1,Maan,Maan,
94,2,Ian,Ian,
94,2,Ian,Ian Sultry,
94,3,Wonder Woman,Wonder Woman,
94,4,Gomor,Gomor,
94,5,Eva,Eva,
94,5,Eva,Eva Mollema,
94,6,Susan,Susan,
94,6,Susan,Susan Stanton,
94,7,Ulrike,Ulrike,
94,7,Ulrike,Ulrike Hoffmann,
94,8,Christine,Christine,
94,8,Christine,Christine de Smet,
94,9,Dirk,Dirk,
94,9,Dirk,Dirk Dolman,
95,1,Laura,Laura,
95,2,An,An,
95,3,Dirk,Dirk,
95,4,Irene,Irene,
95,5,de apotheker,de apotheker,
95,5,de apotheker,De apotheker,
95,6,Kevin,Kevin,
96,1,Nico,Nico,
96,1,Nico,meneer De Koning,
96,1,Nico,Meneer De Koning,
96,2,Geesje,Geesje,
96,3,Clara,Clara,
96,3,Clara,Klaartje,
96,4,Lieke,Lieke,
96,5,Van der Wal,Van der Wal,
96,6,Kassandra,Kassandra,
96,7,Sheila,Sheila,
97,1,Paulus,Paulus,
97,1,Paulus,Petrus Paulus,
97,2,Eva,Eva,
97,3,Anna,Anna,
97,3,Anna,Anna Simons,
97,4,Brik,Brik,
97,5,Edmond,Edmond,
97,6,Geraldine,Geraldine,
97,7,Fien,Fien,
97,7,Fien,zuster Thérèse,
98,1,ik,ik,
98,1,ik,Ik,
98,2,Yong,Yong,
98,3,Ling,Ling,
98,4,Yao,Yao,
98,5,Sheng,Sheng,
98,6,Mu,Mu,
98,7,Ella,Ella,
98,8,Tang,Tang,
98,9,Tsayong,Tsayong,
98,10,Namyang,Namyang,
98,11,Amy,Amy,
98,12,Kalden,Kalden,
98,13,Peng,Peng,
98,14,Jin,Jin,
98,15,ik,ik,
98,15,ik,Ik,
99,1,Vonne,Vonne,
99,2,Justus,Justus,
99,3,Jetta,Jetta,
99,4,Batista,Batista,
99,4,Batista,Mateus Emilio Batista,
99,5,Koen,Koen,
99,6,Stemvork,Stemvork,
99,7,Stijn,Stijn,
100,1,Daniël,Daniël,
100,1,Daniël,Daniël van Duren,
100,2,Carola,Carola,
100,3,Alle Waterink,Alle Waterink,
100,3,Alle Waterink,Alle,
100,4,Andrea,Andrea,
100,5,Federico,Federico,
100,6,moeder,mijn moeder,
100,6,moeder,Mijn moeder,
100,7,Stijn,Stijn,
100,7,Stijn,Stijn Ravel,
100,8,Maddalena,Maddalena,
100,9,Nout,Nout,
100,10,Nanni,Nanni,
100,11,Theresa,Theresa,
100,12,Titus,Titus,
100,13,Bret Holland,Bret Holland,
101,1,Hugo,Hugo,
101,2,Ruben,Ruben,
101,2,Ruben,Ruben Boom,
101,3,Gabi,Gabi,
101,4,Mark,Mark,
101,5,Dorien,Dorien,
101,6,Suze,Suze,
101,7,Monique,Monique,
101,8,moeder,mijn moeder,
101,8,moeder,Mijn moeder,
101,9,Brigitte,Brigitte,
101,10,Bernadette,Bernadette,
102,1,Sam,Sam,
102,2,Beruz,Beruz,
102,3,moeder,mijn moeder,
102,3,moeder,Mijn moeder,
102,4,Ruz,Ruz,
102,5,Nini,Nini,
102,6,Kian,Kian,
102,7,Sadek,Sadek,
102,8,Sali,Sali,
102,9,tante,tante,
102,9,tante,Tante,
102,10,Wise,Wise,
102,11,Malaika,Malaika,
103,1,Zelda,Zelda,
103,2,Omar,Omar,
103,3,Matussek,Matussek,
103,4,Cassandra,Cassandra,
103,5,Jacky,Jacky,
103,6,Bob,Bob,
103,7,Ada,Ada,
103,8,Naomi,Naomi,
103,9,Federico,Federico,
103,10,Erik,Erik,
104,1,Maria,Maria,
104,1,Maria,Hinckelbein,
104,1,Maria,Maria Hinckelbein,
104,1,Maria,Pinckeltje,
104,2,Welmoed,Welmoed,
104,2,Welmoed,Casper,
104,3,Wiggel,Wiggel,
104,3,Wiggel,Allard,
104,3,Wiggel,Allard Wiggel,
104,4,Jason,Jason,
104,4,Jason,Lowie,
104,4,Jason,Jason Lowie,
104,5,Felix,Felix,
104,6,Alberta,Alberta,
104,6,Alberta,Alberta Hinckelbein-Van Heerwaarden,
104,6,Alberta,mijn moeder,
104,6,Alberta,Mijn moeder,
104,7,Lisa,Lisa,
104,8,vader,mijn vader,
104,8,vader,Mijn vader,
104,9,Fjodor,Fjodor,
104,10,Lizette,Lizette,
104,11,Roos,Roos,
104,11,Roos,Jacoba,
104,12,Claartje,Claartje,
104,13,Johan,Johan,
104,14,Sientje,Sientje,
104,15,Jaap,Jaap,
105,1,Michael,Michael,
105,1,Michael,Michael Bernache,
105,1,Michael,Mike,
105,2,Clara,Clara,
105,3,Ljoeba,Ljoeba,
105,4,Rijneveld,Rijneveld,
105,5,Jamal,Jamal,
105,6,Benssen,Benssen,
105,6,Benssen,Robert Benssen,
105,7,Nina,Nina,
105,7,Nina,Ninaatje,
105,8,Jamie,Jamie,
105,9,Dennis,Dennis,
105,10,Igor,Igor,
105,11,Betty,Betty,
105,12,Mo,Mo,
105,13,Yuki,Yuki,
106,1,Ífisa,Ífisa,
106,1,Ífisa,Ífisa Saimonu,
106,2,Frederik,Frederik,
106,2,Frederik,Frederik Taillefer,
106,2,Frederik,Taillefer,
106,2,Frederik,Frederik Antonisz Taillefer,
106,3,David,David,
106,3,David,Davido,
106,3,David,Davido Rasse,
106,3,David,David Levisz Rasch,
106,4,Hannes,Hannes,
106,4,Hannes,Johannes,
106,4,Hannes,Johannes Rosmuller,
106,5,Rósila,Rósila,
106,5,Rósila,Rósila Crélu,
106,6,Saimono,Saimono,
106,6,Saimono,Saimono Abramu,
106,7,Iusto,Iusto,
106,8,Crélo,Crélo,
106,8,Crélo,Crélo Matysu,
106,9,Sélidia,Sélidia,
106,9,Sélidia,Sélidia Dídriju,
106,9,Sélidia,Bloem van Vástóna,
106,10,Zacharia,Zacharia,
106,10,Zacharia,Zacharia Dingemansz,
106,10,Zacharia,Zacharia Dingemansz Delius,
106,11,Pieter,Pieter,
106,11,Pieter,Pieter Gerritsz,
106,11,Pieter,Pieter Gerritsz Verschuer,
107,1,ik,ik,
107,2,Adriaan,Adriaan,
107,2,Adriaan,Koebargh,
107,2,Adriaan,Adriaan Koerbagh,
107,3,Henry,Henry,
107,3,Henry,Dixon,
107,3,Henry,Henry Dixon,
107,4,Elisabeth,Elisabeth,
107,4,Elisabeth,Elisabeth Dixon,
107,5,Catharina,Catharina,
107,5,Catharina,Catharina Molenaar,
107,6,Louise,Louise,
107,6,Louise,Louise Molenaar,
107,7,Lieuwe,Lieuwe,
107,7,Lieuwe,Van Aitzema,
107,7,Lieuwe,van Aitzema,
107,7,Lieuwe,Lieuwe van Aitzema,
107,8,Cornelis,Cornelis,
107,8,Cornelis,Stalpart van der Wiel,
107,8,Cornelis,Cornelis Stalpart van der Wiel,
107,9,Margje,Margje,
107,9,Margje,Margje Raets,
107,9,Margje,Marg,
107,10,James,James,
107,10,James,James Harding,
107,11,Christiaan,Christiaan,
107,11,Christiaan,Paets,
107,11,Christiaan,Christiaan Paets,
107,12,Menno,Menno,
107,12,Menno,Menno Molenaar,
107,13,Johannes,Johannes,
107,13,Johannes,Johannes Koerbagh,
107,14,Bento,Bento,
107,14,Bento,Van Doorn,
107,14,Bento,van Doorn,
107,14,Bento,Bento van Doorn,
107,15,Harm,Harm,
107,16,Gijs,Gijs,
107,17,Katelijne,Katelijne,
107,18,Pieter,Pieter,
107,18,Pieter,Pieter Plockhoy,
107,19,Trijn,Trijn,
107,20,Franciscus van den Enden,Franciscus van den Enden,
107,20,Franciscus van den Enden,Van Enden,
107,20,Franciscus van den Enden,van Enden,
107,21,Lodewijk Meyer,Lodewijk Meyer,
107,22,Welmoet,Welmoet,
107,23,Karl,Karl,
108,1,Donald,Donald,
108,2,Amanda,Amanda,
108,3,Angelo,Angelo,
108,4,Pluim,Pluim,
108,5,Dennis,Dennis,
108,6,Zlogonje,Zlogonje,
108,6,Zlogonje,Dark Master,
108,7,moedertje,moedertje,
108,8,Oma,Oma,
108,8,Oma,oma,
108,8,Oma,bijenkoningin,
108,8,Oma,Bijenkoningin,
108,9,Nathalie,Nathalie,
108,10,Willem,Willem,
108,11,Elaine,Elaine,
108,12,Toon,Toon,
108,13,Hilde,Hilde,
108,14,Jean,Jean,
109,1,Milan,Milan,
109,2,Bertrand,Bertrand,
109,3,Kees-Jan,Kees-Jan,
109,3,Kees-Jan,Keessie,
109,4,Janine,Janine,
109,5,Monique,Monique,
109,6,Claudia,Claudia,
109,7,Ramon,Ramon,
109,8,Jean-Luc,Jean-Luc,
109,9,Pascal,Pascal,
109,10,Alain,Alain,
109,11,Rens,Rens,
109,12,Milou,Milou,
109,13,Nicolette,Nicolette,
109,14,Suzan,Suzan,
109,15,Denise,Suus,
109,16,Izdihar,Izdihar,
109,17,Dyani,Dyani,
109,18,Jeroen,Jeroen,
109,19,Baahir,Baahir,
109,20,Dasan,Dasan,
109,21,Milton,Milton,
109,22,Anna,Anna,
109,23,Lemmers,Lemmers,
109,24,Rens,Rens,
109,25,Maria,Milan,
110,1,ik,ik,
110,1,ik,Ik,
110,2,Clara,Clara,
110,3,Trien Labie,Trien Labie,
110,3,Trien Labie,Maria Josepha,
110,3,Trien Labie,Maria Josepha Vandenbrande,
110,4,Philomena,Philomena,
110,5,Yvonne,Yvonne,
110,6,Cecile,Cecile,
110,7,Pierre,Pierre,
111,1,ik,ik,
111,1,ik,Ik,
111,2,Simone,Simone,
111,3,Erna,Erna,
111,4,Martha,Martha,
111,5,meisje van de sociale dienst,meisje van de sociale dienst,
111,6,zus,mijn zus,
111,6,zus,Mijn zus,
111,7,Pierre Mulele,Pierre Mulele,
111,7,Pierre Mulele,Mulele,
111,8,Tsjombe,Tsjombe,
111,9,Mommens,Mommens,
112,1,Louis,Louis,
112,2,Alexis,Alexis,
112,2,Alexis,Alexis Kagame,
112,2,Alexis,Abbé,
112,2,Alexis,Abbé Kagame,
112,3,Samuel,Samuel,
112,4,moeder,moeder,
112,5,Jean-Baptiste,Jean-Baptiste,
112,6,Tomas,Tomas,
112,7,Janvier,Janvier,
112,8,Smith,Smith,
112,8,Smith,Pierre,
112,8,Smith,Pierre Smith,
112,9,Sebashyitsi,Sebashyitsi,
112,10,Vansina,Vansina,
112,11,Coupez,Coupez,
112,11,Coupez,André,
112,11,Coupez,André Coupez,
112,12,Perraudin,Perraudin,
112,13,Rugamba,Rugamba,
112,14,Hulstaert,Hulstaert,
113,1,Werner,Werner,
113,1,Werner,Werner Plöts,
113,2,Botje,Botje,
113,2,Botje,Botje Duitzendts,
113,3,Orzas,Orzas,
113,4,Magdalena,Magdalena,
113,4,Magdalena,Magdalena Crique,
113,5,Jacqueline,Jacqueline,
113,5,Jacqueline,Jacqueline Crique,
113,6,Monica,Monica,
113,6,Monica,Monica Crique,
113,7,Ernest-Fritz,Ernest-Fritz,
113,8,Andy,Andy,
113,9,Luypaarts,Luypaarts,
113,10,Maya,Maya,
113,11,Li,Li,
113,12,Martha,Martha,
113,13,Vedt,Vedt,
113,13,Vedt,Theo,
113,13,Vedt,Theo Vedt,
113,14,Detanck,Detanck,
113,15,Duizendts,mijnheer Duizendts,
113,15,Duizendts,Mijnheer Duizendts,
113,16,F. Schuins,F. Schuins,
113,16,F. Schuins,Schuins,
113,17,Anna,Anna,
113,17,Anna,Zwarte Anna,
114,1,Nona,Nona,
114,1,Nona,Nona Kainama,
114,2,Marcus,Marcus,
114,2,Marcus,Marcus Kainama,
114,3,Sam de Jong,Sam,
114,3,Sam de Jong,Sam de Jong,
114,4,Yaya,Yaya,
114,4,Yaya,Yaya Kainama,
114,5,Anna,Anna,
114,5,Anna,Anna Kainama,
114,6,Ben,Ben,
114,6,Ben,Ben Kainama,
114,7,Mima,Mima,
114,7,Mima,Mima Kainama,
114,8,Sara,Sara,
114,8,Sara,Sara Kainama,
114,9,Boya,Boya,
114,9,Boya,Boya Kainama,
114,10,Tarotji,Tarotji,
114,10,Tarotji,Tarotji Kainama,
114,11,Sarmolle,Sarmolle,
114,11,Sarmolle,Molle,
114,12,Gustav,Gustav,
114,13,Charles,Charles,
114,14,Otjep,Otjep,
114,15,Bunga,Bunga,
114,15,Bunga,Bung,
114,16,Minggus,Minggus,
114,17,Schut,Schut,
114,18,Molenaar,Molenaar,
114,19,Talapessy,Talapessy,
114,20,Pattiasina,Pattiasina,
114,21,Sukarno,Sukarno,
115,1,Joris,Joris,
115,1,Joris,Joris Vangenechten,
115,2,Wes,Wes,
115,2,Wes,Wesley,
115,3,Jef,Jef,
115,3,Jef,Jeffrey,
115,4,Demi,Demi,
115,4,Demi,Deminent,
115,5,Klaas,Klaas,
115,6,Arnout,Arnout,
115,7,Tigra,Tigra,
115,8,Freya,Freya,
115,9,Brenda,Brenda,
115,10,Jos,Jos,
115,11,Katrien,Katrien,
115,12,Steve,Steve,
115,12,Steve,Steven,
115,13,Lorelien,Lorelien,
115,14,Kimberly,Kimberly,
115,15,Karolien,Karolien,
115,15,Karolien,Karolientje,
115,16,Charel,Charel,
115,17,Miguel,Miguel,
115,18,Nicole,Nicole,
115,19,Fons,Fons,
116,1,Vero,Vero,
116,2,Alon,Alon,
116,3,Brak,Brak,
116,3,Brak,Gerard,
116,4,David,David,
116,5,Yvonne,Yvonne,
116,6,Regina,Regina,
116,7,Ruby,Ruby,
116,8,Leah,Leah,
116,9,Ava,Ava,
116,10,Galit,Galit,
116,11,Uri,Uri,
116,12,Annette,Annette,
116,13,Eddie,Eddie,
116,14,Fred,Fred,
116,15,Geertje,Geertje,
116,15,Geertje,Tamal,
116,16,Moshe,Moshe,
117,1,Raaf,Raaf,
117,1,Raaf,Diederik,
117,1,Raaf,Ravestein,
117,2,Anna,Anna,
117,3,Carina,Carina,
117,4,Simon,Simon,
117,4,Simon,Labrij,
117,5,Sally,Sally,
117,6,Charlie,Charlie,
117,7,Ties,Ties,
117,8,Rode Regenjas,Rode Regenjas,
117,8,Rode Regenjas,Rudolf Sedegias,
117,9,Boaz,Boaz,
117,10,Driest,Driest,
117,10,Driest,Leo van Driest,
117,11,Hannelore,Hannelore,
117,11,Hannelore,Schaik,
117,11,Hannelore,Hannelore van Schaik,
117,12,Roelof,Roelof,
117,13,Verbrugge,Verbrugge,
117,14,Weijts,Weijts,
117,15,Chu,Chu,
118,1,Jimmy,Jimmy,
118,1,Jimmy,Jimmy Hauser,
118,1,Jimmy,James,
118,1,Jimmy,James Huijsman,
118,2,Bregtje,Bregtje,
118,2,Bregtje,Bregtje van der Togt,
118,3,Dirk,Dirk,
118,3,Dirk,Darth,
118,3,Dirk,Vader,
118,3,Dirk,Dirk Vader,
118,3,Dirk,Diederik,
118,4,Phaedra,Phaedra,
118,4,Phaedra,Phaedra Meijers,
118,5,Carl,Carl,
118,5,Carl,Carl Isaacs,
118,6,Bertina,Bertina,
118,7,Cecilia,Cecilia,
119,1,Kronkjaar,Kronkjaar,
119,2,Anneriek,Anneriek,
119,3,Jeanne,Jeanne,
119,3,Jeanne,Jeanne Bosker,
119,4,Delfos,Delfos,
119,5,Van Velde,Van Velde,
119,5,Van Velde,van Velde,
119,6,Koperhorn,Koperhorn,
119,7,Wim,Wim,
119,8,Steven,Steven,
119,9,Fien,Fien,
119,10,Denko,Denko,
119,11,Cana,Cana,
119,12,Walser,Walser,
120,1,Arturo,Arturo,
120,1,Arturo,Dias,
120,1,Arturo,Arturo Dias,
120,2,Claire,Claire,
120,2,Claire,Claire de Smet,
120,3,Lenka,Lenka,
120,3,Lenka,Lenka Popovytchka,
120,4,André,André,
120,4,André,André Renard,
120,4,André,Pépé,
120,4,André,Pépé Renard,
120,5,Tony,Tony,
120,5,Tony,Tony Leroy,
120,6,Mossel,Mossel,
120,6,Mossel,Joe,
120,6,Mossel,Mossel Joe,
120,7,Samuel,Samuel,
120,7,Samuel,Dugary,
120,7,Samuel,Samuel Dugary,
120,8,Simon,Simon,
120,8,Simon,Simon Voiturier,
120,9,Sébastien,Sébastien,
120,9,Sébastien,Sébastien Thomas-de-Berlin,
120,10,Aimé,Aimé,
120,10,Aimé,Bertheux,
120,10,Aimé,Aimé Bertheux,
120,11,Gisèle,Gisèle,
120,11,Gisèle,Gizelleke,
120,12,Nico,Nico,
120,12,Nico,Landeghem,
120,12,Nico,Van Landeghem,
120,12,Nico,Nico van Landeghem,
120,13,Jean,Jean,
120,13,Jean,Jean Renard,
120,14,Théo,Théo,
120,14,Théo,Théo Durieux,
120,15,Guy,Guy,
120,15,Guy,Guy De Mesmaecker,
120,15,Guy,Guy de Mesmaecker,
120,16,Hermans,Hermans,
120,16,Hermans,John,
120,16,Hermans,John Hermans,
120,17,René,René Danloy,
120,17,René,René,
120,17,René,Danloy,
120,18,Antoine,Antoine,
120,18,Antoine,Toine,
120,19,Chevalier,Chevalier,
120,19,Chevalier,Pierre Chevalier,
120,19,Chevalier,Pierre,
120,20,Gizzy,Gizzy,
120,20,Gizzy,Ghislain,
120,21,Romain,Romain,
120,22,Nathan,Nathan,
120,23,Norbert,Norbert,
120,23,Norbert,Depireux,
120,23,Norbert,Norbert Depireux,
120,24,Bek,Bek,
120,24,Bek,Achiel,
120,25,Peter,Peter,
120,26,Petit,Petit,
120,27,Abdul,Abdul,
120,28,Lemaire,Lemaire,
120,28,Lemaire,Lucas,
120,28,Lemaire,Lucas Lemaire,
120,29,Legrand,Legrand,
121,1,Erik,Erik,
121,2,Christof,Christof,
121,3,Steven,Steven,
121,4,Luuk,Luuk,
121,5,Maaike,Maaike,
121,6,Lucy,Lucy,
121,7,Ann,Ann,
121,8,Lien,Lien,
121,9,Brenda,Brenda,
121,10,Freek,Freek,
122,1,Lou,Lou,
122,1,Lou,Baljon,
122,1,Lou,Lou Baljon,
122,2,Eddie,Eddie,
122,2,Eddie,Eddie van de Week,
122,3,Lena,Lena,
122,3,Lena,Lena Wit,
122,4,Riet,Riet,
122,5,Geurts,Geurts,
122,5,Geurts,Blackbird,
122,6,Anjo,Anjo,
122,6,Anjo,Anjo Schep,
122,7,Ronnie,Ronnie,
122,8,Walter,Walter,
122,8,Walter,Walter Krijnen,
122,9,Vonk,Vonk,
122,10,Hans,Hans,
123,1,Lotus,Lotus,
123,1,Lotus,Lotus Miltenburg,
123,1,Lotus,Loot,
123,2,Jeroen,Jeroen,
123,2,Jeroen,Van Eck,
123,2,Jeroen,Jeroen van Eck,
123,2,Jeroen,Jeroentje,
123,3,Maarten,Maarten,
123,4,Hagar,Hagar,
123,5,Tommie,Tommie,
123,5,Tommie,Tom,
123,6,Nina,Nina,
123,7,Thijs,Thijs,
123,8,Caroline,Caroline,
123,9,Penelope,Penelope,
123,9,Penelope,Penny,
123,9,Penelope,Pen,
123,10,Iris,Iris,
123,11,Hidde,Hidde,
123,11,Hidde,Hidde van der Voort,
123,12,Felice,Felice,
124,1,Felix,Felix,
124,1,Felix,Felix Swammerdam,
124,2,David,David,
124,2,David,David Bergman,
124,3,Ivo ,Ivo ,
124,4,Charlotte,Charlotte,
124,4,Charlotte,Charlotte Koning,
124,4,Charlotte,Lot,
124,5,vader,Mijn vader,
124,5,vader,mijn vader,
124,6,moeder,Mijn moeder,
124,6,moeder,mijn moeder,
124,7,Benno,Benno,
124,7,Benno,Benno Molenkamp,
124,8,Peter,Peter,
124,9,Marco,Marco,
124,10,Bas,Bas,
124,11,Claire,Claire,
125,1,Marijn,Marijn,
125,2,David,David,
125,3,de makelaar,de makelaar,
125,3,de makelaar,De makelaar,
125,4,Jan Dijkgraaf,Jan Dijkgraaf,
125,5,Van Beek,Van Beek,
125,6,Harry,Harry,
125,7,De Geul,De Geul,
125,8,Huib,Huib,
125,9,Fanny,Fanny,
125,10,Mariëlle,Mariëlle,
125,11,Van Dijk,Van Dijk,
126,1,Abbie,Abbie,
126,1,Abbie,Abbie de Wit,
126,2,Yvette,Yvette,
126,2,Yvette,Yvette van Reenen,
126,3,Jan,Jan,
126,3,Jan,Jan Ferwerda,
126,4,Rob,Rob,
126,5,Alain,Alain,
126,5,Alain,Dubout,
126,5,Alain,Alain Dubout,
126,6,John,John,
126,6,John,Cummings,
126,6,John,John Cummings,
126,7,Femke,Femke,
126,8,Paul,Paul,
126,9,Mark,Mark,
126,10,Twisk,Twisk,
126,10,Twisk,Twisky,
126,11,Donat,Donat,
126,12,Margriet,Margriet,
126,12,Margriet,Margje,
126,13,Joost,Joost,
126,14,Fran,Fran,
126,15,Brigit,Brigit,
126,16,Riekje,Riekje,
126,17,Phia,Phia,
127,1,Floor,Floor,
127,1,Floor,Floo,
127,2,Muijs,Muijs,
127,2,Muijs,Van Muijsingen,
127,3,Roos,Roos,
127,4,moeder,mijn moeder,
127,4,moeder,Mijn moeder,
127,5,vader,mijn vader,
127,5,vader,Mijn vader,
127,6,Leonard/Leeuw,Leonard/Leeuw,
128,1,Oscar,Oscar,
128,1,Oscar,Oscar van Kervel,
128,2,Esmée,Esmée,
128,2,Esmée,Esmée Sondaard,
128,3,Id,Id,
128,3,Id,Id Bodien,
128,4,Bettie,Bettie,
128,4,Bettie,Bettie van Hoogstraten,
129,1,Victor,Victor,
129,2,Nina,Nina,
129,3,Michael,Michael,
129,4,Joke,Joke,
130,1,Betsy,Betsy,
130,1,Betsy,Betsy Jonker,
130,1,Betsy,Bep,
130,1,Betsy,Beppeke,
130,2,Henk,Henk,
130,2,Henk,Henk de Fluiter,
130,2,Henk,Henkje,
130,3,Pauline,Pauline,
130,3,Pauline,Pauline Slot,
130,4,Fredy,Fredy,
130,5,Truusje,Truusje,
130,5,Truusje,Truus,
130,6,Beppie,Beppie,
130,7,Kiki,Kiki,
130,8,Hooft,Hooft,
130,9,Joop,Joop,
130,10,Wim,Wim,
130,11,Lies,Lies,
130,12,Harry,Harry,
130,13,Fré,Fré,
130,13,Fré,Fré Francken,
131,1,Chris,Chris,
131,1,Chris,Chris de Soete,
131,2,Saskia,Saskia,
131,2,Saskia,Saskia de Soete,
131,2,Saskia,Sas,
131,3,Rebecca,Rebecca,
131,3,Rebecca,Rebecca de Soete,
131,3,Rebecca,Becky,
131,4,John,John,
131,4,John,Lennon,
131,4,John,John Lennon,
131,4,John,John Lennon,
131,5,Katherine,John Winston Ono Lennon,
131,6,Barend,Barend,
131,6,Barend,Barend de Soete,
131,7,Opa,Opa,
131,7,Opa,opa,
131,8,Tracy,Tracy,
131,9,Marjo,Marjo,
131,10,Marijke,Marijke,
131,11,Maggie,Maggie,
131,11,Maggie,Margaret,
131,12,Yoko,Yoko,
131,12,Yoko,Yoko Ono,
131,13,Paul,Paul,
131,13,Paul,Paul McCartney,
131,14,Sean,Sean,
131,15,Adam,Adam,
131,15,Adam,Dawes,
131,15,Adam,Adam Dawes,
132,1,ik,ik,
132,1,ik,Ik,
132,2,vader,mijn vader,
132,2,vader,Mijn vader,
132,3,Beppie,Beppie,
132,3,Beppie,mijn moeder,
132,3,Beppie,Mijn moeder,
132,4,Ria,Ria,
132,4,Ria,Ria Koch,
132,5,Willem,Willem,
132,6,Ingrid,Ingrid,
132,7,Aaltje,Aaltje,
132,8,Janssen,Janssen,
132,9,Pot,Eildert,
132,9,Pot,Pot,
132,9,Pot,Eildert Pot,
132,10,Donkerbroek,Egbert,
132,10,Donkerbroek,Donkerbroek,
132,10,Donkerbroek,Egbert Donkerbroek,
132,11,Zijlstra,Zijlstra,
133,1,Rosa,Rosa,
133,2,Birgit,Birgit,
133,2,Birgit,Birgit Hooimayer,
133,3,Inger,Inger,
133,3,Inger,Inger Hooimayer,
133,4,Jessica,Jessica,
133,5,Simone,Simone,
133,6,Lisa,Lisa,
133,7,Alphons,Alphons,
133,8,Cees,Cees,
133,9,Rano,Rano,
133,10,Mara,Mara,
133,11,Klaas,Klaas,
133,12,Ben,Ben,
133,13,Aya,Aya,
133,14,Fenya,Fenya,
133,15,Robin,Robin,
134,1,J.J.,J.J.,
134,1,J.J.,Jan-Jaap,
134,2,John,John,
134,3,José,José,
134,4,Buk,Buk,
134,5,Molenaar,Hans,
134,5,Molenaar,Molenaar,
134,5,Molenaar,Hans Molenaar,
134,6,De Don,De Don,
134,7,Khalid,Khalid,
134,8,Jiggy,Jiggy,
134,9,Riot,Riot,
134,10,Rudolf,Rudolf,
134,11,Likker,Likker,
134,12,Donya,Donya,
134,13,Jeanine,Jeanine,
134,14,Liesbeth,Liesbeth,
135,1,Wiel,Wiel,
135,1,Wiel,De Graaf,
135,2,Zina,Zina,
135,3,Loos,Loos,
135,3,Loos,Nico,
135,4,Femke,Femke,
135,5,Suzan,Suzan,
135,6,Cas,Cas,
135,7,Erik,Erik,
135,8,Ruurd,Ruurd,
135,9,Moeder,Moeder,
135,10,Daniel,Daniel,
135,11,Claudia,Claudia,
135,11,Claudia,Clau,
135,12,Elsbergh,Elsbergh,
135,13,Hilda,Hilda,
135,13,Hilda,Hil,
135,14,Floor,Floor,
135,14,Floor,Florine,
135,15,Thijs,Thijs,
135,16,Esther,Esther,
135,17,Eline,Eline,
136,1,Nicky,Nicky,
136,1,Nicky,Harley Bitch,
136,1,Nicky,Bitchke,
136,2,Chantal,Chantal,
136,3,Nadia,Nadia,
136,4,Eva,Eva,
136,5,Marcelo,Marcelo,
136,5,Marcelo,Marcelo Peraza,
136,6,Grizzly,Grizzly,
136,7,Elisabeth,Elisabeth,
136,8,Frank,Frank,
137,1,Steegman,Steegman,
137,1,Steegman,Emiel,
137,1,Steegman,Emiel Steegman,
137,2,ik,ik,
137,3,Renée,Renée,
137,3,Renée,Renée Steegman,
137,4,Tereza,Tereza,
137,5,Lodewijk,Lodewijk,
137,5,Lodewijk,Lodewijk Wesselmans,
137,6,François,François,
137,6,François,François Moens,
137,7,Arlette,Arlette,
137,8,Sandra,Sandra,
137,8,Sandra,Sandra Volckaert,
137,9,Mieke,Mieke,
137,10,Andy,Andy,
137,11,Jürgen,Jürgen,
137,12,Petra,Petra,
138,1,Emma,Emma,
138,1,Emma,Emma Welker,
138,1,Emma,Mireille,
138,2,Kris,Kris,
138,2,Kris,Kris de Roode,
138,3,Van Drie,Van Drie,
138,3,Van Drie,van Drie,
138,3,Van Drie,Hans,
138,4,Titus,Titus,
138,4,Titus,Titus Pletting,
138,4,Titus,Tiet,
138,5,Wim,Wim,
138,6,Dragovich,Dragovich,
138,6,Dragovich,Matej,
138,6,Dragovich, vb ,
138,7,Karin,Karin,
138,8,Harald,Harald,
138,9,Sanders,Sanders,
138,9,Sanders,Toine Sanders,
138,10,Denise,Denise,
138,11,Bleekvelt,Bleekvelt,
138,11,Bleekvelt,Hennie Bleekvelt,
138,12,Carmichael,Carmichael,
138,12,Carmichael,Stephen Carmichael,
138,13,sr, sr ,
138,14,lk, lk ,
139,1,P.F. Thomése,P.F. Thomése,
139,1,P.F. Thomése,Fránske,
139,2,J. Kessels,J. Kessels,
139,3,Peer,Peer,
139,3,Peer,Peer,
139,3,Peer,Peerke,
139,3,Peer,Sonnemans,
139,3,Peer,Peer Sonnemans,
139,4,Bernadette,Bernadette,
139,4,Bernadette,Van Rooij,
139,4,Bernadette,van Rooij,
139,4,Bernadette,Bernadette van Rooij,
139,4,Bernadette,Det,
139,4,Bernadette,Detje,
139,5,de Schel,de Schel,
139,5,de Schel,De Schel,
139,6,Gerd,Gerd,
139,7,Mei Lan,Mei Lan,
140,1,Richter,Richter,
140,1,Richter,Richter Loos,
140,2,Clovis,Clovis,
140,2,Clovis,Clovis Loos ,
140,3,Layla,Layla,
140,4,Jacques,Jacques,
140,5,Jadran,Jadran,
140,6,Bojana,Bojana,
140,7,Abraham,Abraham,
140,8,Afra,Afra,
141,1,Robert,Robert,
141,1,Robert,Robert Patati,
141,2,Micky,Micky,
141,2,Micky,Spijker,
141,2,Micky,Micky Spijker,
141,3,Katja,Katja,
141,3,Katja,Katja Hellriegel,
141,4,Carsten,Carsten,
141,4,Carsten,Carsten Roeder,
141,5,Ingrid,Ingrid,
141,5,Ingrid,Ingrid Roeder,
141,6,Debriek,Jean,
141,6,Debriek,Debriek,
141,6,Debriek,Jean Debriek,
141,7,Hinrichs,Jens,
141,7,Hinrichs,Hinrichs,
141,7,Hinrichs,Jens Hinrichs,
141,8,Patrick,Patrick,
141,8,Patrick,Patrick Schmidt,
141,9,Sascha,Sascha,
141,9,Sascha,Heidfeld,
141,9,Sascha,Sascha Heidfeld,
141,10,Bayder,Bayder,
141,10,Bayder,Jürgen Bayder,
141,11,Sybille,Sybille,
141,11,Sybille,Wenger,
141,11,Sybille,Sybille Wenger,
141,12,Molendorp,Molendorp,
141,12,Molendorp,Henk Molendorp,
141,13,Anouk,Anouk,
141,13,Anouk,Van Berg,
141,13,Anouk,Anouk van Berg,
141,14,Auber,Hans,
141,14,Auber,Auber,
141,14,Auber,Hans Auber,
141,15,Raik,Raik,
141,15,Raik,Fost,
141,15,Raik,Raik Fost,
141,16,Michael,Michael,
141,16,Michael,Delgado,
141,16,Michael,Michael Delgado,
141,17,Anderman,Anderman,
141,17,Anderman,Jan Anderman,
141,18,Kampmann,Kampmann,
142,1,Viktor,Viktor,
142,1,Viktor,Rijshout,
142,1,Viktor,Viktor Rijshout,
142,2,Vibeke,Vibeke,
142,3,Anne,Anne,
142,4,Anders,Anders,
142,5,Erna,Erna,
142,6,Ole,Ole,
142,7,Nielsen,Nielsen,
143,1,Lucas,Lucas,
143,1,Lucas,Geluck,
143,1,Lucas,Lucas Geluck,
143,2,Shala,Shala,
143,3,Mijntje,Mijntje,
143,3,Mijntje,Hadeweyn,
143,4,Van Spilberghen,Van Spilberghen,
143,5,Amada,Amada,
143,6,Bruno,Bruno,
143,7,Claes,Claes,
143,7,Claes,Spilbergen,
143,7,Claes,Claes Dirxsz Van Spilbergen,
143,8,Hannes,Hannes,
143,8,Hannes,Vermeer,
143,8,Hannes,Hannes Vermeer,
143,9,Bruno,Bruno,
143,10,Seitz,Olav,
143,10,Seitz,Seitz,
143,10,Seitz,Olav Seitz,
143,11,Albert,Albert,
143,11,Albert,Quakernack,
143,11,Albert,Albert Quakernack,
143,12,Johannes,Johannes,
143,12,Johannes,Van Sandt,
143,12,Johannes,Johannes van Sandt,
143,13,Eline,Eline,
143,13,Eline,Lientje,
143,14,Fien,Fien,
143,15,Mercier,Mercier,
143,15,Mercier,Louis,
143,15,Mercier,Louis Mercier,
143,16,Tula,Tula,
143,16,Tula,Rigaud,
143,17,Jacqueline,Jacqueline,
143,17,Jacqueline,Van Den Branden,
143,17,Jacqueline,Jacqueline Van Den Branden,
144,1,Sam,Sam,
144,1,Sam,Coorenvaar,
144,1,Sam,Sam Coorenvaar,
144,2,Jur,Jur,
144,2,Jur,van Zeijl,
144,2,Jur,Van Zeijl,
144,2,Jur,Jur van Zeijl,
144,3,Sofie,Sofie,
144,4,Schulz,Schulz,
144,4,Schulz,Joachim Schulz,
144,5,Morris,Morris,
144,5,Morris,Morris van Zeijl,
144,6,Monika,Monika,
144,7,Dieter,Dieter,
144,7,Dieter,Penndorff,
144,7,Dieter,Dieter Penndorff,
144,8,Berg,Berg,
144,8,Berg,Christian Berg,
144,9,Eefje,Eefje,
144,9,Eefje,De Waal,
144,9,Eefje,Eefje de Waal,
144,9,Eefje,Eva Zimmermann,
144,10,Jenny,Jenny,
144,10,Jenny,Jenny Albrecht,
144,11,Neumeyer,Neumeyer,
144,11,Neumeyer,Carl Neumeyer,
144,12,Hoffmann,Hoffmann,
144,12,Hoffmann,Maria Hoffmann,
144,13,Thelma,Thelma,
144,14,Lukas,Lukas,
144,15,Van Groeningen,Van Groeningen,
144,15,Van Groeningen,Arend,
144,15,Van Groeningen,Arend van Groeningen,
144,16,Job,Job,
144,16,Job,Job Schrijnmaker,
144,16,Job,Jacobus,
144,16,Job,Jacobus Schrijnmaker,
144,16,Job,Grote Schrijver,
145,1,Sofia,Sofia,
145,1,Sofia,Sofia de Regt,
145,1,Sofia,Soof,
145,2,Wilbert,Wilbert,
145,3,Harold,Harold,
145,3,Harold,Harold de Regt,
145,4,Adriaan,Adriaan,
145,4,Adriaan,Linthorst,
145,4,Adriaan,Adriaan Linthorst,
145,5,Jules,Jules,
145,6,Marco,Marco,
145,7,Kim,Kim,
145,8,Robbert,Robbert,
145,9,Pauline,Pauline,
145,10,Caroline,Caroline,
145,11,Ilja,Ilja,
145,12,BJ,BJ,
145,13,Janine,Janine,
145,14,Karel,Karel,
145,15,Erik,Erik,
146,1,Isebrand,Isebrand,
146,1,Isebrand,Isebrand Schut,
146,2,Cornelis,Cornelis,
146,2,Cornelis,Cornelis Mecker,
146,2,Cornelis,Cor,
146,3,Gesina,Gesina,
146,4,Tineke,Tineke,
146,5,Sylvio,Sylvio,
146,5,Sylvio,Sylvio Enklaar,
146,6,Jean-Luc,Jean-Luc,
146,6,Jean-Luc,Jean-Luc de la Salle,
146,7,Robert,Robert,
146,7,Robert,Robert Meckering,
146,8,Ebel,Ebel,
146,8,Ebel,Ebel Formsma,
146,9,Manja,Manja,
146,9,Manja,Manja van der Ziel,
146,10,Boudewijn,Boudewijn,
146,10,Boudewijn,Van Velzen,
146,10,Boudewijn,Boudewijn van Velzen,
146,11,Menno,Menno,
146,12,Froukje,Froukje,
147,1,Margot,Margot,
147,2,Henry,Henry,
147,3,Judith,Judith,
147,3,Judith,Judith Knowloon,
147,4,Lee Bao,Lee Bao,
147,5,Wen,Wen,
147,6,Mia,Mia,
147,7,Phil,Phil,
147,8,Levy,Levy,
147,8,Levy,Carl,
147,8,Levy,Carl Levy,
147,9,B,B,
147,10,Tim,Tim,
147,11,Chantal,Chantal,
147,11,Chantal,Chan,
147,12,Howard,Howard,
147,13,Hyun-Ki,Hyun-Ki,
148,1,Tjepko,Tjepko,
148,1,Tjepko,Dogge,
148,1,Tjepko,Tjepko Dogge,
148,1,Tjepko,Redhead Paddy Malone,
148,2,Cor,Cor,
148,3,Wiesje,Wiesje,
148,3,Wiesje,Wies,
148,3,Wiesje,Wies Dogge,
148,4,Alice,Alice,
148,5,Aajee,Aajee,
148,5,Aajee,Arend,
148,5,Aajee,Arend Jan Drabbe,
148,6,Thérése,Thérése,
148,6,Thérése,Therese,
148,6,Thérése,Thérése Lammers,
148,7,Bé,Bé,
148,7,Bé,Bé Lanning,
148,8,Kobus,Kobus,
148,8,Kobus,Koba,
148,9,Pjotr,Pjotr,
148,10,Boelo,Boelo,
148,11,Tuck,Tuck,
148,11,Tuck,Dirk Pomp,
148,12,Stefan,Stefan,
148,13,Jo,Jo,
148,14,Fris,Fris,
148,14,Fris,Frederik,
148,15,Theodoor,Theodoor,
148,16,Hajo,Hajo,
148,17,Ricardo,Ricardo,
148,18,Rosita,Rosita,
148,19,Karel,Karel,
148,19,Karel,Kareltje,
148,20,Hinnerk,Hinnerk,
148,21,Aaf,Aaf,
149,1,Gwen,Gwen,
149,1,Gwen,Gwen Rummerling,
149,2,Dieter,Dieter,
149,3,Kathy,Kathy,
149,3,Kathy,Kathy Rummerling,
149,3,Kathy,haar moeder,
149,3,Kathy,Haar moeder,
149,4,Edward,Edward,
149,4,Edward,Edward Rummerling,
149,4,Edward,haar vader,
149,4,Edward,Haar vader,
149,5,Vanessa,Vanessa,
149,6,Thomas,Thomas,
149,6,Thomas,Thomas Ruyver,
149,7,René,René,
149,8,Luuk,Luuk,
149,9,Jolien,Jolien,
149,10,Jana,Jana,
149,11,Monique,Monique,
150,1,Marlena,Marlena,
150,2,Andries,Andries,
150,3,Szymon,Szymon,
150,4,Boris,Boris,
150,5,Nathan,Nathan,
150,6,Riet,Riet,
150,7,Basia,Basia,
150,8,Muijssens,Muijssens,
150,9,Irina,Irina,
150,10,Chiel,Chiel,
150,11,Richard,Richard,
150,12,Jens,Jens,
150,13,Annetje,Annetje,
150,14,Milosz,Milosz,
150,15,Polak,Polak,
151,1,Vera,Vera,
151,1,Vera,Vera Zagt,
151,2,Lucien,Lucien,
151,2,Lucien,Lucien Reinders,
151,3,Annie,Annie,
151,3,Annie,Annie Vrijland,
151,4,Nico,Nico,
151,4,Nico,Vrijland,
151,4,Nico,Nico Vrijland,
151,5,Aron,Aron,
151,6,Theodorus,Theodorus,
151,6,Theodorus,Theodorus Zagt,
151,7,oma,oma,
151,7,oma,Oma,
151,8,Van Grunsven,Van Grunsven,
151,8,Van Grunsven,van Grunsven,
151,9,Hans,Hans,
151,10,Rosalie,Rosalie,
151,11,Laura,Laura,
151,12,Ingrid,Ingrid,
151,13,Robert,Robert,
151,14,Noa,Noa,
151,15,Manders,Manders,
151,16,Chiel,Chiel,
151,16,Chiel,Chieltje,
151,17,Nora,Nora,
152,1,Victor,Victor,
152,1,Victor,Duval,
152,1,Victor,Victor Duval,
152,2,Patrix,Patrix,
152,2,Patrix,Coriolan,
152,2,Patrix,Patrix Coriolan,
152,3,Madame,Violette,
152,3,Madame,Biassou,
152,3,Madame,Violette Biassou,
152,3,Madame,Madame,
152,4,Cassandra,Cassandra,
152,4,Cassandra,Vital,
152,4,Cassandra,Cassandra Vital,
152,5,commissaris,commissaris,
152,5,commissaris,Commissaris,
153,1,Ismeen,Ismeen,
153,1,Ismeen,Ismeen van Oort,
153,2,Clarissa,Clarissa,
153,2,Clarissa,Clarissa van Oort,
153,3,Gone,Gone,
153,3,Gone,Gone van Oort,
153,4,Siegfried,Siegfried,
153,4,Siegfried,Siegfried van Oort,
153,4,Siegfried,Sieg,
153,5,George,George,
153,5,George,George van Oort,
153,6,Peter,Peter,
154,1,Ik,Ik,
154,1,Ik,ik,
154,2,Snoep,Snoep,
154,3,Kanarie,Kanarie,
154,4,Willem,Willem,
154,5,Alex,Alex,
154,6,Maria,Maria,
154,7,Willemijn,Willemijn,
154,7,Willemijn,Willemijn Groeneweg,
154,8,Lina,Lina,
154,9,Van Damme,Van Damme,
154,10,Chris,Chris,
155,1,Emma,Emma,
155,1,Emma,Emma Flamer,
155,2,Willem,Willem,
155,3,Piet,Piet,
155,4,Charlie,Charlie,
155,5,Chris,Chris,
155,5,Chris,Chris Krediet,
155,6,Erik,Erik,
155,6,Erik,Erik Hazelfhoff Roelfzema,
155,7,Maria,Maria,
155,8,Pierre,Pierre,
155,9,Angelique,Angelique,
155,10,Lotte,Lotte,
155,11,Dirk,Dirk,
155,12,Gerda,Gerda,
155,13,Chris,Chris,
155,14,Peter,Peter,
155,15,Christian,Christian,
156,1,Sanders,Sanders,
156,1,Sanders,Dirk,
156,1,Sanders,Dirk Sanders,
156,2,Metz,Metz,
156,2,Metz,Paul,
156,2,Metz,Paul Metz,
156,3,No,No,
156,4,Moerta,Moerta,
156,4,Moerta,Moerta Tjondronegoro,
156,5,Lientje,Lientje,
156,5,Lientje,Lien,
156,6,Klaassen,Klaassen,
156,6,Klaassen,Robert,
156,6,Klaassen,Robert Klaassen,
156,7,Jans,Jans,
156,8,Sarima,Sarima,
156,8,Sarima,Sarima Tjondronegoro,
156,9,Itih,Itih,
156,10,Broers,Broers,
156,11,Ketu,Ketu,
156,12,Adinda,Adinda,
156,13,Oma T,Oma T,
156,14,Von Ritter,Von Ritter,
156,14,Von Ritter,Ulrich,
156,14,Von Ritter,Ulrich von Ritter,
156,14,Von Ritter,Ritter,
156,15,Teng Li,Teng Li,
156,16,Ang Wei,Ang Wei,
156,17,Kramer,Kramer,
156,18,Achmed,Achmed,
156,19,Rhemrev,Rhemrev,
156,20,Boonstra,Boonstra,
156,21,Woedjonno,Woedjonno,
156,21,Woedjonno,Karim,
156,21,Woedjonno,Karim Woedjonno,
156,22,Moerman,Moerman,
157,1,Jonah,Jonah,
157,1,Jonah,Jacobson,
157,1,Jonah,Jonah Jacobson,
157,1,Jonah,Azulão,
157,2,Nana,Nana,
157,2,Nana,Nana Jacobson-da Silva,
157,3,Augusto,Augusto,
157,4,Vicky,Vicky,
157,5,Seno,Seno,
157,6,Linda,Linda,
157,6,Linda,Catharina,
157,7,Landau,Landau,
157,8,Max,Max,
157,8,Max,Max Brander,
157,9,Noor,Noor,
157,10,Sonja,Sonja,
157,11,moeder,mijn moeder,
157,11,moeder,Mijn moeder,
157,12,Delmonte,Delmonte,
157,12,Delmonte,Bobby,
157,12,Delmonte,Bobby Delmonte,
157,13,Steenstra,Steenstra,
157,14,Kaptein,Kaptein,
157,15,Brander,Brander,
157,16,Naki,Naki,
157,17,Van Groen,Van Groen,
158,1,Tomaso,Tomaso,
158,1,Tomaso,Tomaso Giuliani,
158,2,Domenico,Domenico,
158,2,Domenico,Domenico Mastromatteo,
158,2,Domenico,meneer Mastromatteo,
158,2,Domenico,Meneer Mastromatteo,
158,3,mevrouw Mastromatteo,mevrouw Mastromatteo,
158,3,mevrouw Mastromatteo,Mevrouw Mastromatteo,
158,4,Romagnoli,Romagnoli,
158,5,Carmela,Carmela,
158,5,Carmela,Carmela Mastrommatteo,
158,6,Freddy,Freddy,
158,7,Giuseppe,Giuseppe,
158,7,Giuseppe,Giuseppe Giuliani,
158,8,Marco,Marco,
158,8,Marco,Marco Giancarlo,
158,9,Antonella,Antonella,
158,10,Gianluigi Biscotti,Gianluigi Biscotti,
158,11,Davide,Davide,
158,12,Vincenzo,Vincenzo,
158,12,Vincenzo,Tozzi,
158,12,Vincenzo,Vincenzo Tozzi,
159,1,Samuel,Samuel,
159,1,Samuel,Samuel Green,
159,1,Samuel,Sam,
159,2,Venus,Venus,
159,3,Sammie,Sammie,
159,4,Rocky,Rocky,
159,4,Rocky,Rock,
159,5,Cynthia,Cynthia,
159,6,Vincent,Vincent,
159,7,Sonny,Sonny,
159,9,Jean,Jean,
159,8,Ernst,Ernst,
159,10,Harold,Harold,
159,11,Mayke,Mayke,
159,12,Ferdinand,Ferdinand,
159,13,George,George,
160,1,Vermeer,Vermeer,
160,1,Vermeer,Johannes Vermeer,
160,2,Isa,Isa,
160,2,Isa,Isa Verstuijven ,
160,3,Celine,Celine,
160,3,Celine,Celine Vermeer,
160,4,Kasper,Kasper,
160,4,Kasper,Kasper Eijsvogel,
160,5,Anne,Anne,
160,5,Anne,Anne Vermeer,
160,6,Olivier,Olivier,
160,6,Olivier,Olivier Liebach,
160,7,Arend,Arend,
160,7,Arend,Koolvis,
160,7,Arend,Arend Koolvis,
160,8,Teijmen,Teijmen,
160,8,Teijmen,Paul,
160,8,Teijmen,Paul Teijmen,
160,9,Ronnie,Ronnie,
160,10,Dennis,Dennis,
160,11,Remco,Remco,
160,12,Quist,Quist,
160,13,Visserlink,Visserlink,
160,14,Maarten,Maarten,
160,15,Alexander,Alexander,
160,15,Alexander,Alex,
161,1,Franny,Franny,
161,2,Maud,Maud,
161,3,Birgit,Birgit,
161,4,Ella,Ella,
161,5,Klaartje,Klaartje,
161,6,Gitta,Gitta,
161,7,Anneke,Anneke,
162,1,Pontus,Pontus,
162,1,Pontus,Beg,
162,1,Pontus,Beg,
162,2,Samira,Samira Uygun,
162,2,Samira,de vrouw,
162,2,Samira,De vrouw,
162,3,Saïd,Saïd Mirza,
162,3,Saïd,Mirza,
162,3,Saïd,Saïd Mirza,
162,3,Saïd,de jongen,
162,3,Saïd,De jongen,
162,3,Saïd,kleine Mozes,
162,3,Saïd,kleine Mozes,
162,4,de Ethiopiër,de Ethiopiër,
162,4,de Ethiopiër,De Ethiopiër,
162,4,de Ethiopiër,de neger,
162,4,de Ethiopiër,De neger,
162,4,de Ethiopiër,de zwarte man,
162,4,de Ethiopiër,De zwarte man,
162,5,Zalman,Zalman,
162,5,Zalman,Eder,
162,5,Zalman,Zalman Eder,
162,6,Zita,Zita,
162,7,Vitaly,Vitaly,
162,8,Alexander,Alexander,
162,8,Alexander,Haç,
162,8,Alexander,Alexander Haç ,
162,8,Alexander,de stroper,
162,8,Alexander,De stroper,
162,9,Akmuhammet,Akmuhammet,
162,9,Akmuhammet,Kurbankiliev,
162,9,Akmuhammet,Akmuhammet Kurbankiliev,
162,9,Akmuhammet,de man uit Asjchabad,
162,9,Akmuhammet,De man uit Asjchabad,
162,10,de lange man,de lange man,
162,10,de lange man,De lange man,
162,11,Oksana,Oksana,
162,12,Koller,Koller,
162,13,Tina,Tina,
162,13,Tina,Tina Bazooka,
162,13,Tina,Bazooka,
162,14,Yehuda,Yehuda,
162,14,Yehuda,Herz,
162,14,Yehuda,Yehuda Herz,
162,15,Eva,Eva,
162,16,Chiop,Chiop,
162,16,Chiop,Ataman,
162,16,Chiop,ataman,
162,16,Chiop,ataman Chiop,
162,16,Chiop,Ataman Chiop,
162,17,Nacer ,Nacer ,
162,17,Nacer ,Gül,
162,17,Nacer ,Nacer Gül,
162,18,Semjon,Semjon,
162,18,Semjon,Blok,
162,18,Semjon,Semjon Blok,
162,19,Ivan,Ivan,
162,19,Ivan,Budnik,
162,19,Ivan,Ivan Budnik,
163,1,John,John,
163,1,John,de Wolf,
163,1,John,De Wolf,
163,1,John,John de Wolf,
163,2,Cees,Cees,
163,2,Cees,Cees Veerman,
163,3,Mark,Mark,
163,3,Mark,De Punt,
163,3,Mark,Mark de Punt,
163,4,Jezus,Jezus,
163,4,Jezus,Christus,
163,4,Jezus,Jezus Christus,
163,4,Jezus,Jezus Christus van het Kerkhof,
163,5,Vincent,Vincent,
163,5,Vincent,Vincent van der Velden,
163,6,Jasper,Jasper,
163,6,Jasper,Jasper McDougal,
163,6,Jasper,de neger,
163,6,Jasper,De neger,
163,7,Eline,Eline,
163,7,Eline,Eline de Wolf,
163,8,Leo,Leo,
163,8,Leo,Leo Wellens,
163,9,Ronald,Ronald,
163,9,Ronald,Ronald Braam,
163,10,Donna,Donna,
163,10,Donna,Donna van der Werf,
163,11,Sasha,Sasha,
163,11,Sasha,Sasha Wertheim,
163,11,Sasha,Stefan,
163,11,Sasha,Stefan Hoefnagel,
163,12,Rogier,Rogier,
163,12,Rogier,Rogier van Dieren,
163,13,Ray,Ray,
163,13,Ray,Ray Slijngaard,
163,14,Hans,Hans,
163,14,Hans,Hans Achterberg,
163,15,Lieke,Lieke,
163,15,Lieke,Lieke de Meurtrière,
163,16,Sofie,Sofie,
163,16,Sofie,Sofie de Recht,
163,17,Dennis,Dennis,
163,17,Dennis,Dennis Hoogland,
163,18,Antonio,Antonio,
163,18,Antonio,Presto,
163,18,Antonio,Antonio Presto,
163,19,Abdel,Abdel,
163,19,Abdel,Abdel Yacoubi,
163,20,Theo,Theo,
163,20,Theo,Theo de Graaf,
163,20,Theo,Theodoor,
163,20,Theo,Theodoor de Graaf,
163,21,Ella,Ella,
163,21,Ella,Ella Vos,
163,22,Marco,Marco,
163,22,Marco,Marco Braat,
163,23,Joost,Joost,
163,23,Joost,Joost van Kooten,
163,24,Sunee,Sunee,
164,1,Nathan,Nathan,
164,1,Nathan,Nathan Verstraete,
164,1,Nathan,Naat,
164,2,Theo,Theo,
164,2,Theo,Van Gogh,
164,2,Theo,van Gogh,
164,2,Theo,Theo van Gogh,
164,3,Kohn,Max,
164,3,Kohn,Kohn,
164,3,Kohn,Max Kohn,
164,4,Sonja,Sonja,
164,4,Sonja,Verstraete,
164,4,Sonja,Sonja Verstraete,
164,5,Leon,Leon,
164,5,Leon,De Winter,
164,5,Leon,de Winter,
164,5,Leon,Leon de Winter,
164,6,Cohen,Cohen,
164,6,Cohen,Job Cohen,
164,7,Boujeri,Boujeri,
164,7,Boujeri,Mohamed,
164,7,Boujeri,Mohamed Boujeri,
164,7,Boujeri,Mo,
164,8,Sallie,Sallie,
164,8,Sallie,Salheddine,
164,8,Sallie,Salheddine Ouaziz,
164,9,Bram,Bram,
164,9,Bram,Moszkowicz,
164,9,Bram,Bram Moszkowicz,
164,10,Marijke Hogeveld,Marijke Hogeveld,
164,11,Jimmy,Jimmy,
164,11,Jimmy,Jimmy Davis,
164,11,Jimmy,Jim,
164,12,Kichie,Kichie,
164,12,Kichie,Ouaziz,
164,12,Kichie,Kichie Ouaziz,
164,12,Kichie,Kicham,
164,12,Kichie,Kicham Ouaziz,
164,13,Donner,Donner,
164,13,Donner,Piet Hein Donner,
164,14,Wilders,Wilders,
164,14,Wilders,Geert,
164,14,Wilders,Geert Wilders,
164,15,Frits,Frits,
164,15,Frits,Firas,
164,16,Janet,Janet,
164,16,Janet,Davis,
164,16,Janet,Janet Davis,
164,17,Lia,Lia,
164,18,Van der Ven,Van der Ven,
164,19,Father Joseph,Father Joseph,
164,20,Van Ast,Van Ast,
164,21,Karel,Karel,
164,21,Karel,Kareef,
165,1,Sylvester,Sylvester,
165,1,Sylvester,Sylvester Opperman,
165,1,Sylvester,de jonge Opperman,
165,1,Sylvester,De jonge Opperman,
165,1,Sylvester,Syl,
165,2,Rufus,Rufus,
165,2,Rufus,Rufus Opperman,
165,2,Rufus,vader Opperman,
165,2,Rufus,Vader Opperman,
165,2,Rufus,Opperman senior,
165,3,Lavendel ,Lavendel ,
165,4,Rikkert,Rikkert,
165,4,Rikkert,Rikkert Fijntjes,
165,5,Rivka,Rivka,
165,6,Kiki,Kiki,
165,7,Milou,Milou,
165,8,Hannelore,Hannelore,
165,9,Charlotte,Charlotte,
166,1,Sonja,Sonja,
166,1,Sonja,Sonja Mayling,
166,2,Chiang,Chiang,
166,2,Chiang,Chiang Kai-Check,
166,3,Ailing,Ailing,
166,4,Chingling,Chingling,
166,5,Charlie,Charlie,
166,6,moeder,mijn moeder,
166,6,moeder,Mijn moeder,
166,6,moeder,Ni,
166,7,T.V.,T.V.,
166,8,Zhang,Zhang,
166,9,Donald,Donald,
166,10,Wendell,Wendell,
166,10,Wendell,Willkie,
166,10,Wendell,Wendell Willkie,
166,11,Sun,Sun,
166,12,Roosevelt,Roosevelt,
166,13,Stilwell,Stilwell,
166,14,Churchill,Churchill,
166,15,Mao Zedong,Mao Zedong,
166,16,Kung,Kung,
167,1,Laura,Laura,
167,1,Laura,Lola,
167,1,Laura,Charlotte,
167,2,Chess,Chess,
167,2,Chess,Chiyõ,
167,3,Jun,Jun,
167,4,Amélie,Amélie,
167,5,Elijah,Elijah,
167,6,Mama-San,Mama-San,
167,7,Daniël,Daniël,
167,8,Karina,Karina,
167,9,Kenji,Kenji,
167,10,Valentina,Valentina,
167,11,Angela,Angela,
167,12,Katalin,Katalin,
167,13,Nobu,Nobu,
167,14,Takashi,Takashi,
167,15,Shachõ,Shachõ,
167,16,Thomas,Thomas,
167,17,Mark,Mark,
168,1,Tatjana,Tatjana,
168,2,Babs,Babs,
168,2,Babs,Babs Sluyter,
168,3,Lot,Lot,
168,4,Rudolf,Rudolf,
168,4,Rudolf,Rudolf Sluyter,
168,5,Mevrouw Super,Mevrouw Super,
168,6,Katja,Katja,
168,7,Myrthe,Myrthe,
168,8,Maartje,Maartje,
168,9,Nada,Nada,
168,10,Juna,Juna,
168,11,Christina,Christina,
168,12,Reinier,Reinier,
168,13,Monique,Monique,
168,14,Mariska,Mariska,
168,15,Valerie,Valerie,
168,16,Emmy,Emmy,
168,17,Gifkikker,mevrouw Gifkikker,
168,17,Gifkikker,Mevrouw Gifkikker,
168,18,Adriaan,Adriaan,
168,19,Nada,Nada,
168,20,Super,Super,
168,21,Eliza,Eliza,
168,22,Sophie,Sophie,
169,1,Margot,Margot,
169,1,Margot,Margot Frank,
169,2,Lotte,Lotte,
169,3,Anne,Anne,
169,3,Anne,Anne Frank,
169,4,Edith,Edith,
169,4,Edith,Edith Frank,
169,4,Edith,moeder,
169,5,Otto,Otto,
169,5,Otto,Otto Frank,
169,5,Otto,vader,
169,6,Erna,Erna,
169,6,Erna,Erna Kool,
169,7,Oma Aken,Oma Aken,
169,7,Oma Aken,oma,
169,8,Gerard,Gerard,
169,9,Peter,Peter,
169,9,Peter,Peter Bot,
169,10,Anton,Anton,
169,10,Anton,Van Bemmelen,
169,10,Anton,Anton van Bemmelen,
169,11,Florentine,Florentine,
169,11,Florentine,Florentine van Saet,
169,12,Lidy,Lidy,
169,13,Miep,Miep,
169,14,Hein,Hein,
170,1,Van Kempen,Van Kempen,
170,1,Van Kempen,Lucas,
170,2,Simon,Simon,
170,2,Simon,Duyzer,
170,2,Simon,Simon Duyzer,
170,3,A. A. Staal,A. A. Staal,
170,3,A. A. Staal,a. a. Staal,
170,3,A. A. Staal,Bert,
170,4,Marieke,Marieke,
170,4,Marieke,Marieke Staal,
170,5,Rudi,Rudi,
170,5,Rudi,Rudi Staal,
170,6,Ton,Ton,
170,6,Ton,Ton Duyzer,
170,7,Anna,Anna,
170,8,Peter,Peter,
170,8,Peter,Peter Nijssen,
170,9,Lex,Lex,
170,10,Van Toorn,Van Toorn,
170,10,Van Toorn,Willem,
170,10,Van Toorn,Willem van Toorn,